Time, Latitude, Longitude, currentHeading, desiredHeading, headingError, Roll, WindReading, WindDirection, winchPulseWidth, autoRudderAngle, distanceToTarget 
16433200.00, 38.691093, -9.294527, 242.42, 206.08, -36.34, 4.69,27,269, 2080, -25.00, 53.85
16433200.00, 38.691093, -9.294527, 242.27, 206.08, -36.19, 4.69,27,269, 2080, -25.00, 53.85
16433200.00, 38.691093, -9.294527, 242.20, 206.08, -36.11, 4.81,27,269, 2080, -25.00, 53.85
16433200.00, 38.691093, -9.294527, 242.37, 206.08, -36.28, 4.94,27,269, 2080, -25.00, 53.85
16433200.00, 38.691093, -9.294527, 242.39, 206.08, -36.30, 5.06,28,270, 2080, -25.00, 53.85
16433200.00, 38.691093, -9.294527, 242.52, 206.08, -36.43, 5.25,28,270, 2080, -25.00, 53.85
16433200.00, 38.691093, -9.294527, 243.12, 206.08, -37.03, 5.44,28,271, 2056, -25.00, 53.85
16433200.00, 38.691093, -9.294527, 243.60, 206.08, -37.52, 5.56,28,271, 2056, -25.00, 53.85
16433200.00, 38.691093, -9.294527, 243.45, 206.08, -37.37, 5.69,28,271, 2032, -25.00, 53.85
16433200.00, 38.691093, -9.294527, 243.54, 206.08, -37.46, 5.94,28,271, 2032, -25.00, 53.85
16433200.00, 38.691093, -9.294527, 243.73, 206.08, -37.65, 6.25,28,271, 1904, -25.00, 53.85
16433200.00, 38.691093, -9.294527, 244.10, 206.08, -38.02, 6.62,28,272, 1904, -25.00, 53.85
16433300.00, 38.691093, -9.294529, 244.68, 206.08, -38.60, 6.94,28,272, 1904, -25.00, 53.78
16433300.00, 38.691093, -9.294529, 245.22, 206.08, -39.14, 7.25,28,273, 1904, -25.00, 53.78
16433300.00, 38.691093, -9.294529, 245.59, 206.08, -39.51, 7.50,29,274, 1904, -25.00, 53.78
16433300.00, 38.691093, -9.294529, 245.68, 206.08, -39.59, 7.69,29,274, 1904, -25.00, 53.78
16433300.00, 38.691093, -9.294529, 245.65, 206.08, -39.57, 7.81,29,274, 1908, -25.00, 53.78
16433300.00, 38.691093, -9.294529, 245.97, 206.08, -39.89, 8.00,29,274, 1908, -25.00, 53.78
16433300.00, 38.691093, -9.294529, 246.32, 206.08, -40.24, 8.06,29,275, 1904, -25.00, 53.78
16433300.00, 38.691093, -9.294529, 246.75, 206.08, -40.67, 8.13,29,275, 1904, -25.00, 53.78
16433300.00, 38.691093, -9.294529, 247.04, 206.08, -40.95, 8.13,30,277, 1908, -25.00, 53.78
16433300.00, 38.691093, -9.294529, 247.28, 206.08, -41.20, 8.06,30,277, 1908, -25.00, 53.78
16433300.00, 38.691093, -9.294529, 247.33, 206.08, -41.25, 8.06,30,277, 1904, -25.00, 53.78
16433300.00, 38.691093, -9.294529, 247.68, 206.08, -41.59, 8.06,30,277, 1904, -25.00, 53.78
16433300.00, 38.691093, -9.294529, 248.11, 206.08, -42.02, 8.00,30,278, 1904, -25.00, 53.78
16433300.00, 38.691093, -9.294529, 248.96, 206.08, -42.87, 7.87,30,278, 1904, -25.00, 53.78
16433300.00, 38.691093, -9.294529, 249.33, 206.08, -43.25, 7.75,30,279, 1908, -25.00, 53.78
16433300.00, 38.691093, -9.294529, 249.60, 206.08, -43.52, 7.50,30,279, 1908, -25.00, 53.78
16433300.00, 38.691093, -9.294529, 250.53, 206.08, -44.45, 7.31,30,280, 1904, -25.00, 53.78
16433300.00, 38.691093, -9.294529, 250.78, 206.08, -44.69, 7.00,30,280, 1904, -25.00, 53.78
16433300.00, 38.691093, -9.294529, 251.18, 206.08, -45.10, 6.69,30,281, 1908, -25.04, 53.78
16433400.00, 38.691090, -9.294530, 251.52, 206.08, -45.43, 6.31,30,281, 1908, -25.20, 53.36
16433400.00, 38.691090, -9.294530, 252.25, 206.08, -46.17, 5.87,30,282, 1908, -25.54, 53.36
16433400.00, 38.691090, -9.294530, 252.61, 206.08, -46.53, 5.44,30,282, 1908, -25.71, 53.36
16433400.00, 38.691090, -9.294530, 252.51, 206.08, -46.43, 5.12,30,282, 1908, -25.66, 53.36
16433400.00, 38.691090, -9.294530, 253.16, 206.08, -47.08, 4.75,30,283, 1908, -25.98, 53.36
16433400.00, 38.691090, -9.294530, 253.51, 206.08, -47.42, 4.50,29,282, 1908, -26.15, 53.36
16433400.00, 38.691090, -9.294530, 253.79, 206.08, -47.71, 4.25,29,282, 1908, -26.30, 53.36
16433400.00, 38.691090, -9.294530, 254.25, 206.08, -48.16, 3.94,29,283, 1908, -26.54, 53.36
16433400.00, 38.691090, -9.294530, 254.83, 206.08, -48.75, 3.69,29,283, 1908, -26.86, 53.36
16433400.00, 38.691090, -9.294530, 255.39, 206.08, -49.31, 3.50,29,284, 1908, -27.17, 53.36
16433400.00, 38.691090, -9.294530, 256.31, 206.08, -50.22, 3.37,29,285, 1908, -27.72, 53.36
16433400.00, 38.691090, -9.294530, 257.23, 206.08, -51.15, 3.25,29,286, 1908, -28.30, 53.36
16433400.00, 38.691090, -9.294530, 257.72, 206.08, -51.63, 3.19,29,286, 1908, -28.61, 53.36
16433400.00, 38.691090, -9.294530, 258.06, 206.08, -51.97, 3.12,29,287, 1904, -28.84, 53.36
16433400.00, 38.691090, -9.294530, 258.64, 206.08, -52.55, 3.06,29,287, 1904, -29.25, 53.36
16433400.00, 38.691090, -9.294530, 259.27, 206.08, -53.18, 3.00,30,289, 1904, -29.71, 53.36
16433400.00, 38.691090, -9.294530, 260.27, 206.08, -54.18, 3.00,30,290, 1904, -30.48, 53.36
16433400.00, 38.691090, -9.294530, 260.51, 206.08, -54.42, 3.06,30,290, 1908, -30.67, 53.36
16433500.00, 38.691090, -9.294532, 261.01, 206.08, -54.93, 3.19,30,291, 1908, -31.09, 53.29
16433500.00, 38.691090, -9.294532, 261.78, 206.08, -55.70, 3.37,29,290, 1904, -31.76, 53.29
16433500.00, 38.691090, -9.294532, 262.51, 206.08, -56.43, 3.50,29,291, 1904, -32.44, 53.29
16433500.00, 38.691090, -9.294532, 262.68, 206.08, -56.60, 3.69,31,293, 1908, -32.61, 53.29
16433500.00, 38.691090, -9.294532, 263.99, 206.08, -57.91, 4.19,31,294, 1908, -33.95, 53.29
16433500.00, 38.691090, -9.294532, 264.57, 206.08, -58.48, 4.37,31,294, 1908, -34.58, 53.29
16433500.00, 38.691090, -9.294532, 265.49, 206.08, -59.41, 4.56,31,294, 1908, -35.68, 53.29
16433500.00, 38.691090, -9.294532, 266.34, 206.08, -60.26, 4.69,49,315, 1856, -36.77, 53.29
16433500.00, 38.691090, -9.294532, 267.82, 206.08, -61.74, 4.81,49,316, 1856, -38.90, 53.29
16433500.00, 38.691090, -9.294532, 268.42, 206.08, -62.34, 4.87,59,327, 1656, -39.86, 53.29
16433500.00, 38.691090, -9.294532, 269.30, 206.08, -63.21, 4.87,59,328, 1656, -41.38, 53.29
16433500.00, 38.691090, -9.294532, 270.11, 206.08, -64.02, 4.81,73,343, 1480, -42.93, 53.29
16433500.00, 38.691090, -9.294532, 271.33, 206.08, -65.25, 4.81,73,344, 1480, -45.00, 53.29
16433500.00, 38.691090, -9.294532, 272.08, 206.08, -65.99, 4.75,85,357, 1480, -45.00, 53.29
16433500.00, 38.691090, -9.294532, 273.04, 206.08, -66.95, 4.75,85,358, 1480, -45.00, 53.29
16433500.00, 38.691090, -9.294532, 273.71, 206.08, -67.63, 4.75,96,9, 1480, -45.00, 53.29
16433500.00, 38.691090, -9.294532, 274.09, 206.08, -68.00, 4.69,96,10, 1480, -45.00, 53.29
16433500.00, 38.691090, -9.294532, 274.89, 206.08, -68.80, 4.50,107,21, 1480, -45.00, 53.29
16433500.00, 38.691090, -9.294532, 275.78, 206.08, -69.70, 4.44,107,22, 1480, -45.00, 53.29
16433600.00, 38.691090, -9.294535, 276.00, 206.08, -69.91, 4.37,118,33, 1480, -45.00, 53.18
16433600.00, 38.691090, -9.294535, 276.79, 206.08, -70.71, 4.31,118,34, 1480, -45.00, 53.18
16433600.00, 38.691090, -9.294535, 277.35, 206.08, -71.27, 4.31,125,42, 1480, -45.00, 53.18
16433600.00, 38.691090, -9.294535, 278.01, 206.08, -71.92, 4.19,125,43, 1480, -45.00, 53.18
16433600.00, 38.691090, -9.294535, 278.64, 206.08, -72.55, 4.12,129,47, 1480, -45.00, 53.18
16433600.00, 38.691090, -9.294535, 279.16, 206.08, -73.08, 3.94,129,48, 1480, -45.00, 53.18
16433600.00, 38.691090, -9.294535, 279.74, 206.08, -73.66, 3.87,131,50, 1480, -45.00, 53.18
16433600.00, 38.691090, -9.294535, 279.94, 206.08, -73.86, 3.81,131,50, 1480, -45.00, 53.18
16433600.00, 38.691090, -9.294535, 280.93, 206.08, -74.85, 3.75,131,51, 1480, -45.00, 53.18
16433600.00, 38.691090, -9.294535, 281.90, 206.08, -75.82, 3.75,131,52, 1480, -45.00, 53.18
16433600.00, 38.691090, -9.294535, 282.81, 206.08, -76.72, 3.69,131,53, 1480, -45.00, 53.18
16433600.00, 38.691090, -9.294535, 283.34, 206.08, -77.26, 3.62,131,54, 1480, -45.00, 53.18
16433600.00, 38.691090, -9.294535, 284.25, 206.08, -78.17, 3.62,131,55, 1480, -45.00, 53.18
16433600.00, 38.691090, -9.294535, 284.93, 206.08, -78.85, 3.62,131,55, 1480, -45.00, 53.18
16433600.00, 38.691090, -9.294535, 285.94, 206.08, -79.85, 3.75,130,55, 1480, -45.00, 53.18
16433600.00, 38.691090, -9.294535, 286.26, 206.08, -80.18, 3.81,130,56, 1480, -45.00, 53.18
16433600.00, 38.691090, -9.294535, 286.95, 206.08, -80.87, 3.94,129,55, 1480, -45.00, 53.18
16433600.00, 38.691090, -9.294535, 287.80, 206.08, -81.71, 4.00,129,56, 1480, -45.00, 53.18
16433600.00, 38.691090, -9.294535, 289.05, 206.08, -82.97, 4.00,126,55, 1480, -45.00, 53.18
16433600.00, 38.691090, -9.294535, 289.81, 206.08, -83.73, 4.00,126,55, 1480, -45.00, 53.18
16433600.00, 38.691090, -9.294535, 290.49, 206.08, -84.40, 3.81,121,51, 1464, -45.00, 53.18
16433600.00, 38.691090, -9.294535, 291.09, 206.08, -85.01, 3.50,121,52, 1464, -45.00, 53.18
16433600.00, 38.691090, -9.294535, 291.87, 206.08, -85.78, 2.87,115,46, 1384, -45.00, 53.18
16433600.00, 38.691090, -9.294535, 292.30, 206.08, -86.22, 2.00,115,47, 1384, -45.00, 53.18
16433600.00, 38.691090, -9.294535, 293.51, 206.08, -87.43, 1.06,111,44, 1380, -45.00, 53.18
16433600.00, 38.691090, -9.294535, 294.44, 206.08, -88.35, -0.19,111,45, 1380, -45.00, 53.18
16433600.00, 38.691090, -9.294535, 295.50, 206.08, -89.41, -1.56,107,42, 1380, -45.00, 53.18
16433600.00, 38.691090, -9.294535, 296.61, 206.08, -90.52, -3.37,107,43, 1380, -45.00, 53.18
16433600.00, 38.691090, -9.294535, 297.75, 206.08, -91.67, -5.25,100,37, 1380, -45.00, 53.18
16433600.00, 38.691090, -9.294535, 298.29, 206.08, -92.20, -7.56,100,38, 1380, -45.00, 53.18
16433600.00, 38.691090, -9.294535, 299.24, 206.08, -93.15, -9.44,100,39, 1380, -45.00, 53.18
16433600.00, 38.691090, -9.294535, 300.75, 206.08, -94.67, -14.69,100,40, 1380, -45.00, 53.18
16433800.00, 38.691093, -9.294541, 302.28, 206.08, -96.19, -16.37,103,45, 1380, -45.00, 53.32
16433800.00, 38.691093, -9.294541, 304.95, 206.08, -98.87, -17.56,103,47, 1380, -45.00, 53.32
16433800.00, 38.691093, -9.294541, 306.97, 206.08, -100.88, -18.69,110,56, 1384, -45.00, 53.32
16433800.00, 38.691093, -9.294541, 309.27, 206.08, -103.18, -19.75,110,59, 1384, -45.00, 53.32
16433800.00, 38.691093, -9.294541, 311.17, 206.08, -105.09, -20.44,117,68, 1384, -45.00, 53.32
16433800.00, 38.691093, -9.294541, 313.55, 206.08, -107.46, -21.06,117,70, 1384, -45.00, 53.32
16433800.00, 38.691093, -9.294541, 316.22, 206.08, -110.13, -21.50,123,79, 1380, -45.00, 53.32
16433800.00, 38.691093, -9.294541, 318.18, 206.08, -112.09, -21.75,123,81, 1380, -45.00, 53.32
16433800.00, 38.691093, -9.294541, 320.31, 206.08, -114.23, -21.81,124,84, 1380, -45.00, 53.32
16433800.00, 38.691093, -9.294541, 323.05, 206.08, -116.96, -21.69,124,87, 1380, -45.00, 53.32
16433800.00, 38.691093, -9.294541, 325.28, 206.08, -119.19, -21.25,120,85, 1380, -45.00, 53.32
16433800.00, 38.691093, -9.294541, 328.21, 206.08, -122.12, -20.75,120,88, 1380, -45.00, 53.32
16433800.00, 38.691093, -9.294541, 330.63, 206.08, -124.55, -19.81,111,81, 1380, -45.00, 53.32
16433800.00, 38.691093, -9.294541, 333.66, 206.08, -127.58, -18.87,111,84, 1380, -45.00, 53.32
16433800.00, 38.691093, -9.294541, 337.04, 206.08, -130.96, -17.87,96,73, 1380, -45.00, 53.32
16433800.00, 38.691093, -9.294541, 340.03, 206.08, -133.95, -16.81,96,76, 1380, -45.00, 53.32
16433800.00, 38.691093, -9.294541, 342.82, 206.08, -136.73, -15.75,83,65, 1380, -45.00, 53.32
16433800.00, 38.691093, -9.294541, 345.32, 206.08, -139.24, -14.69,83,68, 1380, -45.00, 53.32
16433800.00, 38.691093, -9.294541, 347.82, 206.08, -141.74, -13.62,71,58, 1380, -45.00, 53.32
16433800.00, 38.691093, -9.294541, 350.44, 206.08, -144.35, -12.37,71,61, 1380, -45.00, 53.32
16433800.00, 38.691093, -9.294541, 353.16, 206.08, -147.08, -11.44,67,60, 1380, -45.00, 53.32
16433900.00, 38.691093, -9.294544, 355.60, 206.08, -149.51, -10.31,67,62, 1380, -45.00, 53.22
16433900.00, 38.691093, -9.294544, 358.38, 206.08, -152.30, -9.44,68,66, 1380, -45.00, 53.22
16433900.00, 38.691093, -9.294544, 0.88, 206.08, -154.80, -8.38,68,68, 1380, -45.00, 53.22
16433900.00, 38.691093, -9.294544, 3.08, 206.08, -157.00, -7.44,69,72, 1380, -45.00, 53.22
16433900.00, 38.691093, -9.294544, 5.47, 206.08, -159.39, -6.56,69,74, 1380, -45.00, 53.22
16433900.00, 38.691093, -9.294544, 7.59, 206.08, -161.51, -5.56,69,76, 1380, -45.00, 53.22
16433900.00, 38.691093, -9.294544, 9.84, 206.08, -163.76, -4.81,69,78, 1380, -45.00, 53.22
16433900.00, 38.691093, -9.294544, 12.73, 206.08, -166.64, -4.19,69,81, 1380, -45.00, 53.22
16433900.00, 38.691093, -9.294544, 15.16, 206.08, -169.07, -3.69,69,84, 1380, -45.00, 53.22
16433900.00, 38.691093, -9.294544, 17.69, 206.08, -171.61, -3.12,68,85, 1380, -45.00, 53.22
16433900.00, 38.691093, -9.294544, 19.75, 206.08, -173.67, -2.69,68,87, 1380, -45.00, 53.22
16433900.00, 38.691093, -9.294544, 21.14, 206.08, -175.05, -2.25,68,89, 1380, -45.00, 53.22
16433900.00, 38.691093, -9.294544, 23.06, 206.08, -176.97, -2.06,68,91, 1380, -45.00, 53.22
16433900.00, 38.691093, -9.294544, 25.17, 206.08, -179.09, -1.87,66,91, 1380, -45.00, 53.22
16433900.00, 38.691093, -9.294544, 27.54, 206.08, 178.54, -1.69,66,93, 1380, 45.00, 53.22
16433900.00, 38.691093, -9.294544, 29.24, 206.08, 176.84, -1.50,63,92, 1384, 45.00, 53.22
16434000.00, 38.691097, -9.294544, 31.47, 206.08, 174.62, -1.25,63,94, 1384, 45.00, 53.60
16434000.00, 38.691097, -9.294544, 33.03, 206.08, 173.05, -1.06,59,92, 1380, 45.00, 53.60
16434000.00, 38.691097, -9.294544, 34.94, 206.08, 171.14, -0.94,59,93, 1380, 45.00, 53.60
16434000.00, 38.691097, -9.294544, 36.83, 206.08, 169.26, -0.88,54,90, 1380, 45.00, 53.60
16434000.00, 38.691097, -9.294544, 39.60, 206.08, 166.48, -0.81,54,93, 1380, 45.00, 53.60
16434000.00, 38.691097, -9.294544, 41.59, 206.08, 164.50, -0.75,49,90, 1380, 45.00, 53.60
16434000.00, 38.691097, -9.294544, 43.34, 206.08, 162.75, -0.75,49,92, 1380, 45.00, 53.60
16434000.00, 38.691097, -9.294544, 44.73, 206.08, 161.36, -0.81,4,48, 1380, 45.00, 53.60
16434000.00, 38.691097, -9.294544, 46.08, 206.08, 160.01, -1.12,4,50, 1380, 45.00, 53.60
16434000.00, 38.691097, -9.294544, 47.61, 206.08, 158.47, -1.12,41,88, 1380, 45.00, 53.60
16434000.00, 38.691097, -9.294544, 47.98, 206.08, 158.10, -1.19,41,88, 1380, 45.00, 53.60
16434000.00, 38.691097, -9.294544, 48.13, 206.08, 157.95, -1.19,42,90, 1380, 45.00, 53.60
16434000.00, 38.691097, -9.294544, 47.69, 206.08, 158.39, -1.25,42,89, 1380, 45.00, 53.60
16434000.00, 38.691097, -9.294544, 47.59, 206.08, 158.50, -1.31,42,89, 1384, 45.00, 53.60
16434000.00, 38.691097, -9.294544, 46.99, 206.08, 159.10, -1.44,42,88, 1384, 45.00, 53.60
16434000.00, 38.691097, -9.294544, 46.79, 206.08, 159.30, -1.62,44,90, 1780, 45.00, 53.60
16434000.00, 38.691097, -9.294544, 46.00, 206.08, 160.09, -2.06,44,89, 1780, 45.00, 53.60
16434000.00, 38.691097, -9.294544, 44.97, 206.08, 161.12, -2.69,45,89, 1380, 45.00, 53.60
16434000.00, 38.691097, -9.294544, 43.36, 206.08, 162.72, -3.19,45,88, 1380, 45.00, 53.60
16434000.00, 38.691097, -9.294544, 42.17, 206.08, 163.91, -3.56,47,89, 1380, 45.00, 53.60
16434000.00, 38.691097, -9.294544, 40.49, 206.08, 165.59, -3.87,47,87, 1380, 45.00, 53.60
16434000.00, 38.691097, -9.294544, 39.23, 206.08, 166.85, -4.00,46,85, 1380, 45.00, 53.60
16434000.00, 38.691097, -9.294544, 37.98, 206.08, 168.10, -4.25,46,83, 1380, 45.00, 53.60
16434000.00, 38.691097, -9.294544, 36.76, 206.08, 169.32, -4.37,46,82, 1384, 45.00, 53.60
16434000.00, 38.691097, -9.294544, 36.07, 206.08, 170.01, -4.44,46,82, 1384, 45.00, 53.60
16434000.00, 38.691097, -9.294544, 35.30, 206.08, 170.78, -4.44,48,83, 1380, 45.00, 53.60
16434000.00, 38.691097, -9.294544, 33.85, 206.08, 172.23, -4.44,48,81, 1380, 45.00, 53.60
16434000.00, 38.691097, -9.294544, 32.24, 206.08, 173.84, -4.31,49,81, 1380, 45.00, 53.60
16434000.00, 38.691097, -9.294544, 30.68, 206.08, 175.41, -4.19,49,79, 1380, 45.00, 53.60
16434000.00, 38.691097, -9.294544, 29.39, 206.08, 176.70, -4.06,49,79, 1380, 45.00, 53.60
16434000.00, 38.691097, -9.294544, 27.36, 206.08, 178.73, -3.87,49,79, 1380, 45.00, 53.60
16434000.00, 38.691097, -9.294544, 25.74, 206.08, -179.66, -3.75,57,82, 1384, -45.00, 53.60
16434000.00, 38.691097, -9.294544, 24.62, 206.08, -178.53, -3.62,57,81, 1384, -45.00, 53.60
16434000.00, 38.691097, -9.294544, 23.37, 206.08, -177.28, -3.56,61,84, 1384, -45.00, 53.60
16434000.00, 38.691097, -9.294544, 22.06, 206.08, -175.98, -3.62,61,83, 1384, -45.00, 53.60
16434200.00, 38.691097, -9.294542, 20.71, 206.08, -174.63, -3.69,65,85, 1384, -45.00, 53.67
16434200.00, 38.691097, -9.294542, 19.61, 206.08, -173.53, -3.75,65,84, 1384, -45.00, 53.67
16434200.00, 38.691097, -9.294542, 18.01, 206.08, -171.93, -3.87,70,88, 1380, -45.00, 53.67
16434200.00, 38.691097, -9.294542, 16.43, 206.08, -170.35, -4.00,70,86, 1380, -45.00, 53.67
16434200.00, 38.691097, -9.294542, 15.55, 206.08, -169.46, -4.25,75,90, 1384, -45.00, 53.67
16434200.00, 38.691097, -9.294542, 13.68, 206.08, -167.60, -4.44,75,88, 1384, -45.00, 53.67
16434200.00, 38.691097, -9.294542, 12.27, 206.08, -166.19, -4.69,79,91, 1380, -45.00, 53.67
16434200.00, 38.691097, -9.294542, 10.71, 206.08, -164.62, -4.94,79,89, 1380, -45.00, 53.67
16434200.00, 38.691097, -9.294542, 8.85, 206.08, -162.77, -5.19,82,90, 1380, -45.00, 53.67
16434200.00, 38.691097, -9.294542, 7.57, 206.08, -161.48, -5.44,82,89, 1380, -45.00, 53.67
16434200.00, 38.691097, -9.294542, 5.97, 206.08, -159.89, -5.69,83,88, 1380, -45.00, 53.67
16434200.00, 38.691097, -9.294542, 4.83, 206.08, -158.74, -6.00,83,87, 1380, -45.00, 53.67
16434200.00, 38.691097, -9.294542, 3.73, 206.08, -157.64, -6.25,84,87, 1380, -45.00, 53.67
16434200.00, 38.691097, -9.294542, 2.51, 206.08, -156.42, -6.62,84,86, 1380, -45.00, 53.67
16434200.00, 38.691097, -9.294542, 1.37, 206.08, -155.29, -6.94,84,85, 1380, -45.00, 53.67
16434200.00, 38.691097, -9.294542, 359.85, 206.08, -153.77, -7.25,84,83, 1380, -45.00, 53.67
16434200.00, 38.691097, -9.294542, 358.57, 206.08, -152.48, -7.56,8,6, 1380, -45.00, 53.67
16434200.00, 38.691097, -9.294542, 357.36, 206.08, -151.28, -7.75,8,5, 1380, -45.00, 53.67
16434200.00, 38.691097, -9.294542, 356.15, 206.08, -150.07, -7.87,85,81, 1380, -45.00, 53.67
16434300.00, 38.691101, -9.294543, 354.65, 206.08, -148.57, -8.00,85,79, 1380, -45.00, 54.02
16434300.00, 38.691101, -9.294543, 352.84, 206.08, -146.76, -8.00,85,77, 1380, -45.00, 54.02
16434300.00, 38.691101, -9.294543, 351.80, 206.08, -145.72, -8.06,85,76, 1380, -45.00, 54.02
16434300.00, 38.691101, -9.294543, 350.66, 206.08, -144.58, -8.06,89,79, 1380, -45.00, 54.02
16434300.00, 38.691101, -9.294543, 349.06, 206.08, -142.97, -7.75,89,78, 1380, -45.00, 54.02
16434300.00, 38.691101, -9.294543, 347.20, 206.08, -141.12, -7.69,111,98, 1380, -45.00, 54.02
16434300.00, 38.691101, -9.294543, 345.76, 206.08, -139.67, -7.62,111,96, 1380, -45.00, 54.02
16434300.00, 38.691101, -9.294543, 343.65, 206.08, -137.57, -7.62,123,106, 1380, -45.00, 54.02
16434300.00, 38.691101, -9.294543, 341.82, 206.08, -135.73, -7.56,123,104, 1380, -45.00, 54.02
16434300.00, 38.691101, -9.294543, 340.49, 206.08, -134.40, -7.56,133,113, 1380, -45.00, 54.02
16434300.00, 38.691101, -9.294543, 339.02, 206.08, -132.94, -7.56,133,112, 1380, -45.00, 54.02
16434300.00, 38.691101, -9.294543, 337.93, 206.08, -131.85, -7.62,141,118, 1380, -45.00, 54.02
16434300.00, 38.691101, -9.294543, 336.62, 206.08, -130.53, -7.69,141,117, 1380, -45.00, 54.02
16434300.00, 38.691101, -9.294543, 335.12, 206.08, -129.04, -7.81,144,119, 1380, -45.00, 54.02
16434300.00, 38.691101, -9.294543, 334.35, 206.08, -128.26, -7.94,144,118, 1380, -45.00, 54.02
16434300.00, 38.691101, -9.294543, 333.42, 206.08, -127.34, -8.00,145,118, 1380, -45.00, 54.02
16434300.00, 38.691101, -9.294543, 332.15, 206.08, -126.07, -8.06,145,117, 1380, -45.00, 54.02
16434300.00, 38.691101, -9.294543, 330.68, 206.08, -124.60, -8.06,145,115, 1384, -45.00, 54.02
16434300.00, 38.691101, -9.294543, 329.99, 206.08, -123.91, -8.00,145,114, 1384, -45.00, 54.02
16434300.00, 38.691101, -9.294543, 328.47, 206.08, -122.39, -7.94,145,113, 1380, -45.00, 54.02
16434300.00, 38.691101, -9.294543, 327.25, 206.08, -121.17, -7.81,145,112, 1380, -45.00, 54.02
16434300.00, 38.691101, -9.294543, 325.72, 206.08, -119.64, -7.62,145,110, 1380, -45.00, 54.02
16434300.00, 38.691101, -9.294543, 324.65, 206.08, -118.57, -7.44,145,109, 1380, -45.00, 54.02
16434300.00, 38.691101, -9.294543, 323.11, 206.08, -117.03, -7.12,145,108, 1256, -45.00, 54.02
16434300.00, 38.691101, -9.294543, 321.49, 206.08, -115.41, -6.81,145,106, 1256, -45.00, 54.02
16434300.00, 38.691101, -9.294543, 320.44, 206.08, -114.35, -6.44,145,105, 1256, -45.00, 54.02
16434300.00, 38.691101, -9.294543, 318.92, 206.08, -112.83, -6.06,145,103, 1256, -45.00, 54.02
16434300.00, 38.691101, -9.294543, 317.73, 206.08, -111.65, -5.81,145,102, 1256, -45.00, 54.02
16434300.00, 38.691101, -9.294543, 316.31, 206.08, -110.23, -5.50,145,101, 1256, -45.00, 54.02
16434300.00, 38.691101, -9.294543, 314.05, 206.08, -107.97, -5.12,147,101, 1256, -45.00, 54.02
16434300.00, 38.691101, -9.294543, 312.41, 206.08, -106.32, -4.75,147,99, 1256, -45.00, 54.02
16434300.00, 38.691101, -9.294543, 310.80, 206.08, -104.71, -4.31,148,98, 1256, -45.00, 54.02
16434300.00, 38.691101, -9.294543, 309.10, 206.08, -103.02, -3.81,148,97, 1256, -45.00, 54.02
16434300.00, 38.691101, -9.294543, 307.88, 206.08, -101.80, -3.37,148,95, 1256, -45.00, 54.02
16434500.00, 38.691105, -9.294546, 306.29, 206.08, -100.21, -2.81,148,94, 1256, -45.00, 54.31
16434500.00, 38.691105, -9.294546, 304.80, 206.08, -98.72, -2.37,148,92, 1256, -45.00, 54.31
16434500.00, 38.691105, -9.294546, 303.03, 206.08, -96.94, -1.87,148,91, 1256, -45.00, 54.31
16434500.00, 38.691105, -9.294546, 301.93, 206.08, -95.84, -1.31,148,89, 1256, -45.00, 54.31
16434500.00, 38.691105, -9.294546, 300.58, 206.08, -94.50, -0.56,148,88, 1256, -45.00, 54.31
16434500.00, 38.691105, -9.294546, 299.36, 206.08, -93.28, 0.00,147,86, 1256, -45.00, 54.31
16434500.00, 38.691105, -9.294546, 297.69, 206.08, -91.61, 0.69,147,84, 1256, -45.00, 54.31
16434500.00, 38.691105, -9.294546, 296.42, 206.08, -90.33, 1.31,146,82, 1256, -45.00, 54.31
16434500.00, 38.691105, -9.294546, 294.46, 206.08, -88.38, 1.81,146,80, 1256, -45.00, 54.31
16434500.00, 38.691105, -9.294546, 293.23, 206.08, -87.14, 2.25,145,78, 1256, -45.00, 54.31
16434500.00, 38.691105, -9.294546, 291.18, 206.08, -85.10, 2.75,145,76, 1256, -45.00, 54.31
16434500.00, 38.691105, -9.294546, 289.52, 206.08, -83.43, 3.19,145,74, 1256, -45.00, 54.31
16434500.00, 38.691105, -9.294546, 288.11, 206.08, -82.03, 3.50,145,73, 1256, -45.00, 54.31
16434500.00, 38.691105, -9.294546, 286.25, 206.08, -80.16, 3.75,145,71, 1256, -45.00, 54.31
16434500.00, 38.691105, -9.294546, 284.62, 206.08, -78.54, 3.87,145,69, 1256, -45.00, 54.31
16434500.00, 38.691105, -9.294546, 282.50, 206.08, -76.42, 3.87,145,67, 1256, -45.00, 54.31
16434500.00, 38.691105, -9.294546, 280.92, 206.08, -74.83, 3.75,145,65, 1256, -45.00, 54.31
16434500.00, 38.691105, -9.294546, 279.07, 206.08, -72.99, 3.44,145,64, 1256, -45.00, 54.31
16434600.00, 38.691105, -9.294547, 277.44, 206.08, -71.36, 2.94,145,62, 1256, -45.00, 54.27
16434600.00, 38.691105, -9.294547, 275.57, 206.08, -69.49, 2.37,145,60, 1256, -45.00, 54.27
16434600.00, 38.691105, -9.294547, 274.28, 206.08, -68.20, 1.81,146,60, 1256, -45.00, 54.27
16434600.00, 38.691105, -9.294547, 272.66, 206.08, -66.58, 1.31,146,58, 1256, -45.00, 54.27
16434600.00, 38.691105, -9.294547, 270.92, 206.08, -64.84, 0.88,146,56, 1256, -44.64, 54.27
16434600.00, 38.691105, -9.294547, 268.53, 206.08, -62.44, 0.31,146,54, 1256, -40.04, 54.27
16434600.00, 38.691105, -9.294547, 266.99, 206.08, -60.91, -0.19,147,53, 1256, -37.67, 54.27
16434600.00, 38.691105, -9.294547, 265.49, 206.08, -59.41, -0.94,147,52, 1256, -35.67, 54.27
16434600.00, 38.691105, -9.294547, 264.01, 206.08, -57.92, -1.50,149,53, 1256, -33.96, 54.27
16434600.00, 38.691105, -9.294547, 262.40, 206.08, -56.31, -1.94,149,51, 1256, -32.33, 54.27
16434600.00, 38.691105, -9.294547, 260.73, 206.08, -54.65, -2.19,153,53, 1256, -30.86, 54.27
16434600.00, 38.691105, -9.294547, 258.40, 206.08, -52.31, -2.37,153,51, 1256, -29.08, 54.27
16434600.00, 38.691105, -9.294547, 256.54, 206.08, -50.46, -2.44,158,54, 1256, -27.86, 54.27
16434600.00, 38.691105, -9.294547, 254.69, 206.08, -48.61, -2.56,158,52, 1256, -26.78, 54.27
16434600.00, 38.691105, -9.294547, 253.12, 206.08, -47.04, -2.69,161,54, 1256, -25.96, 54.27
16434600.00, 38.691105, -9.294547, 251.35, 206.08, -45.27, -2.81,161,52, 1256, -25.12, 54.27
16434600.00, 38.691105, -9.294547, 249.91, 206.08, -43.82, -2.87,164,53, 1256, -25.00, 54.27
16434600.00, 38.691105, -9.294547, 247.18, 206.08, -41.10, -2.94,164,51, 1256, -25.00, 54.27
16434700.00, 38.691105, -9.294551, 244.85, 206.08, -38.77, -2.81,166,50, 1256, -25.00, 54.14
16434700.00, 38.691105, -9.294551, 242.66, 206.08, -36.57, -2.12,166,48, 1256, -25.00, 54.14
16434700.00, 38.691105, -9.294551, 241.05, 206.08, -34.97, -1.19,165,46, 1404, -25.00, 54.14
16434700.00, 38.691105, -9.294551, 239.54, 206.08, -33.45, -0.44,165,44, 1404, -25.00, 54.14
16434700.00, 38.691105, -9.294551, 238.29, 206.08, -32.21, 0.19,165,43, 1632, -25.00, 54.14
16434700.00, 38.691105, -9.294551, 238.43, 206.08, -32.35, 1.00,165,43, 1632, -25.00, 54.14
16434700.00, 38.691105, -9.294551, 238.75, 206.08, -32.66, 1.56,164,42, 1632, -25.00, 54.14
16434700.00, 38.691105, -9.294551, 239.50, 206.08, -33.41, 2.31,164,43, 1632, -25.00, 54.14
16434700.00, 38.691105, -9.294551, 239.74, 206.08, -33.65, 2.87,164,43, 1628, -25.00, 54.14
16434700.00, 38.691105, -9.294551, 240.93, 206.08, -34.85, 3.50,164,44, 1628, -25.00, 54.14
16434700.00, 38.691105, -9.294551, 242.26, 206.08, -36.17, 3.81,164,46, 1632, -25.00, 54.14
16434700.00, 38.691105, -9.294551, 243.93, 206.08, -37.85, 4.12,164,47, 1632, -25.00, 54.14
16434700.00, 38.691105, -9.294551, 245.75, 206.08, -39.67, 4.31,164,49, 1632, -25.00, 54.14
16434700.00, 38.691105, -9.294551, 247.47, 206.08, -41.38, 4.44,164,51, 1632, -25.00, 54.14
16434700.00, 38.691105, -9.294551, 249.84, 206.08, -43.76, 4.44,164,53, 1632, -25.00, 54.14
16434700.00, 38.691105, -9.294551, 251.93, 206.08, -45.85, 4.31,163,54, 1632, -25.39, 54.14
16434700.00, 38.691105, -9.294551, 254.62, 206.08, -48.54, 3.75,163,57, 1632, -26.74, 54.14
16434700.00, 38.691105, -9.294551, 257.39, 206.08, -51.31, 3.06,163,57, 1632, -28.40, 54.14
16434700.00, 38.691105, -9.294551, 259.99, 206.08, -53.91, 2.06,163,57, 1632, -30.26, 54.14
16434700.00, 38.691105, -9.294551, 263.08, 206.08, -57.00, 1.00,160,63, 1632, -33.00, 54.14
16434800.00, 38.691101, -9.294555, 266.15, 206.08, -60.07, 0.00,160,66, 1632, -36.51, 53.62
16434800.00, 38.691101, -9.294555, 268.96, 206.08, -62.87, -0.81,158,66, 1632, -40.77, 53.62
16434800.00, 38.691101, -9.294555, 272.21, 206.08, -66.12, -1.94,158,70, 1632, -45.00, 53.62
16434800.00, 38.691101, -9.294555, 275.15, 206.08, -69.07, -2.87,157,72, 1632, -45.00, 53.62
16434800.00, 38.691101, -9.294555, 278.03, 206.08, -71.95, -3.87,157,75, 1632, -45.00, 53.62
16434800.00, 38.691101, -9.294555, 282.20, 206.08, -76.11, -4.69,156,78, 1632, -45.00, 53.62
16434800.00, 38.691101, -9.294555, 285.46, 206.08, -79.38, -5.37,156,81, 1632, -45.00, 53.62
16434800.00, 38.691101, -9.294555, 289.12, 206.08, -83.03, -6.19,153,82, 1632, -45.00, 53.62
16434800.00, 38.691101, -9.294555, 292.70, 206.08, -86.62, -6.87,153,85, 1632, -45.00, 53.62
16434800.00, 38.691101, -9.294555, 296.41, 206.08, -90.33, -7.56,149,85, 1632, -45.00, 53.62
16434800.00, 38.691101, -9.294555, 299.68, 206.08, -93.60, -8.38,149,88, 1632, -45.00, 53.62
16434800.00, 38.691101, -9.294555, 302.79, 206.08, -96.71, -9.19,143,85, 1632, -45.00, 53.62
16434800.00, 38.691101, -9.294555, 306.16, 206.08, -100.07, -9.88,143,89, 1632, -45.00, 53.62
16434800.00, 38.691101, -9.294555, 309.69, 206.08, -103.60, -10.50,137,86, 1628, -45.00, 53.62
16434800.00, 38.691101, -9.294555, 312.79, 206.08, -106.71, -11.19,137,89, 1628, -45.00, 53.62
16434800.00, 38.691101, -9.294555, 315.31, 206.08, -109.23, -11.94,132,87, 1632, -45.00, 53.62
16434800.00, 38.691101, -9.294555, 319.58, 206.08, -113.50, -14.38,132,91, 1632, -45.00, 53.62
16434800.00, 38.691101, -9.294555, 324.66, 206.08, -118.57, -15.19,119,83, 1632, -45.00, 53.62
16434800.00, 38.691101, -9.294555, 329.01, 206.08, -122.93, -15.88,119,88, 1632, -45.00, 53.62
16434800.00, 38.691101, -9.294555, 332.70, 206.08, -126.61, -16.37,115,87, 1640, -45.00, 53.62
16434800.00, 38.691101, -9.294555, 336.25, 206.08, -130.16, -16.62,115,91, 1640, -45.00, 53.62
16434800.00, 38.691101, -9.294555, 339.78, 206.08, -133.70, -16.81,109,88, 1628, -45.00, 53.62
16434800.00, 38.691101, -9.294555, 342.52, 206.08, -136.43, -16.94,109,91, 1628, -45.00, 53.62
16434800.00, 38.691101, -9.294555, 345.63, 206.08, -139.55, -17.00,103,88, 1632, -45.00, 53.62
16434800.00, 38.691101, -9.294555, 348.87, 206.08, -142.79, -16.87,103,91, 1632, -45.00, 53.62
16434800.00, 38.691101, -9.294555, 351.84, 206.08, -145.75, -16.56,95,86, 1632, -45.00, 53.62
16434800.00, 38.691101, -9.294555, 354.81, 206.08, -148.73, -16.06,95,89, 1632, -45.00, 53.62
16434800.00, 38.691101, -9.294555, 358.17, 206.08, -152.08, -15.38,90,88, 1628, -45.00, 53.62
16434800.00, 38.691101, -9.294555, 1.64, 206.08, -155.56, -14.75,90,91, 1628, -45.00, 53.62
16434800.00, 38.691101, -9.294555, 4.82, 206.08, -158.73, -13.94,85,89, 1632, -45.00, 53.62
16434800.00, 38.691101, -9.294555, 9.18, 206.08, -163.09, -10.56,85,94, 1632, -45.00, 53.62
16434800.00, 38.691101, -9.294555, 12.70, 206.08, -166.62, -9.25,75,87, 1628, -45.00, 53.62
16434800.00, 38.691101, -9.294555, 16.23, 206.08, -170.15, -8.00,75,91, 1628, -45.00, 53.62
16435000.00, 38.691105, -9.294562, 19.52, 206.08, -173.44, -6.94,72,91, 1632, -45.00, 53.75
16435000.00, 38.691105, -9.294562, 22.61, 206.08, -176.53, -5.87,72,94, 1632, -45.00, 53.75
16435000.00, 38.691105, -9.294562, 25.72, 206.08, -179.63, -4.81,68,93, 1632, -45.00, 53.75
16435000.00, 38.691105, -9.294562, 28.99, 206.08, 177.09, -3.69,68,96, 1632, 45.00, 53.75
16435000.00, 38.691105, -9.294562, 31.73, 206.08, 174.35, -2.50,65,96, 1632, 45.00, 53.75
16435000.00, 38.691105, -9.294562, 34.67, 206.08, 171.41, -1.50,65,99, 1632, 45.00, 53.75
16435000.00, 38.691105, -9.294562, 36.95, 206.08, 169.13, -0.50,60,96, 1632, 45.00, 53.75
16435000.00, 38.691105, -9.294562, 39.69, 206.08, 166.39, 0.62,60,99, 1632, 45.00, 53.75
16435000.00, 38.691105, -9.294562, 41.78, 206.08, 164.30, 1.50,53,94, 1632, 45.00, 53.75
16435000.00, 38.691105, -9.294562, 44.08, 206.08, 162.00, 2.44,46,90, 1632, 45.00, 53.75
16435000.00, 38.691105, -9.294562, 46.80, 206.08, 159.28, 3.62,46,92, 1632, 45.00, 53.75
16435000.00, 38.691105, -9.294562, 48.77, 206.08, 157.31, 4.44,39,87, 1632, 45.00, 53.75
16435000.00, 38.691105, -9.294562, 51.24, 206.08, 154.84, 5.31,39,90, 1632, 45.00, 53.75
16435000.00, 38.691105, -9.294562, 53.33, 206.08, 152.75, 5.94,33,86, 1632, 45.00, 53.75
16435000.00, 38.691105, -9.294562, 54.68, 206.08, 151.40, 6.56,33,87, 1632, 45.00, 53.75
16435000.00, 38.691105, -9.294562, 55.75, 206.08, 150.34, 6.94,28,83, 1632, 45.00, 53.75
16435000.00, 38.691105, -9.294562, 56.40, 206.08, 149.68, 7.31,28,84, 1632, 45.00, 53.75
16435000.00, 38.691105, -9.294562, 56.95, 206.08, 149.14, 7.62,23,79, 1632, 45.00, 53.75
16435000.00, 38.691105, -9.294562, 57.46, 206.08, 148.62, 8.00,23,80, 1632, 45.00, 53.75
16435000.00, 38.691105, -9.294562, 57.65, 206.08, 148.43, 8.25,17,74, 1632, 45.00, 53.75
16435000.00, 38.691105, -9.294562, 57.91, 206.08, 148.18, 8.25,17,74, 1632, 45.00, 53.75
16435000.00, 38.691105, -9.294562, 57.10, 206.08, 148.98, 7.94,13,70, 1628, 45.00, 53.75
16435000.00, 38.691105, -9.294562, 56.81, 206.08, 149.28, 7.56,13,69, 1628, 45.00, 53.75
16435000.00, 38.691105, -9.294562, 56.38, 206.08, 149.70, 7.19,9,65, 1632, 45.00, 53.75
16435000.00, 38.691105, -9.294562, 55.82, 206.08, 150.27, 6.94,9,64, 1632, 45.00, 53.75
16435000.00, 38.691105, -9.294562, 55.26, 206.08, 150.83, 6.56,4,59, 1632, 45.00, 53.75
16435000.00, 38.691105, -9.294562, 54.71, 206.08, 151.38, 6.12,4,58, 1632, 45.00, 53.75
16435000.00, 38.691105, -9.294562, 54.37, 206.08, 151.71, 5.69,4,58, 1632, 45.00, 53.75
16435000.00, 38.691105, -9.294562, 52.99, 206.08, 153.09, 5.25,4,56, 1632, 45.00, 53.75
16435000.00, 38.691105, -9.294562, 52.07, 206.08, 154.01, 4.94,4,56, 1632, 45.00, 53.75
16435000.00, 38.691105, -9.294562, 51.12, 206.08, 154.96, 4.62,4,55, 1632, 45.00, 53.75
16435000.00, 38.691105, -9.294562, 49.59, 206.08, 156.50, 4.25,1,50, 1632, 45.00, 53.75
16435000.00, 38.691105, -9.294562, 48.25, 206.08, 157.83, 3.75,1,49, 1632, 45.00, 53.75
16435000.00, 38.691105, -9.294562, 47.02, 206.08, 159.07, 3.37,3,50, 1632, 45.00, 53.75
16435000.00, 38.691105, -9.294562, 46.11, 206.08, 159.97, 2.94,3,49, 1632, 45.00, 53.75
16435000.00, 38.691105, -9.294562, 44.59, 206.08, 161.49, 2.62,4,48, 1632, 45.00, 53.75
16435200.00, 38.691109, -9.294561, 43.82, 206.08, 162.27, 2.25,4,47, 1632, 45.00, 54.18
16435200.00, 38.691109, -9.294561, 42.88, 206.08, 163.20, 1.94,7,49, 1632, 45.00, 54.18
16435200.00, 38.691109, -9.294561, 42.09, 206.08, 164.00, 1.44,7,49, 1632, 45.00, 54.18
16435200.00, 38.691109, -9.294561, 41.67, 206.08, 164.42, 1.00,9,50, 1632, 45.00, 54.18
16435200.00, 38.691109, -9.294561, 40.67, 206.08, 165.42, 0.69,9,49, 1632, 45.00, 54.18
16435200.00, 38.691109, -9.294561, 40.13, 206.08, 165.96, 0.44,12,52, 1632, 45.00, 54.18
16435200.00, 38.691109, -9.294561, 39.50, 206.08, 166.58, 0.13,12,51, 1632, 45.00, 54.18
16435200.00, 38.691109, -9.294561, 38.13, 206.08, 167.95, -0.06,15,53, 1632, 45.00, 54.18
16435200.00, 38.691109, -9.294561, 37.32, 206.08, 168.76, -0.31,15,52, 1632, 45.00, 54.18
16435200.00, 38.691109, -9.294561, 36.56, 206.08, 169.52, -0.50,17,53, 1628, 45.00, 54.18
16435200.00, 38.691109, -9.294561, 35.82, 206.08, 170.26, -0.56,17,52, 1628, 45.00, 54.18
16435200.00, 38.691109, -9.294561, 34.70, 206.08, 171.38, -0.50,19,53, 1632, 45.00, 54.18
16435200.00, 38.691109, -9.294561, 33.87, 206.08, 172.22, -0.44,19,52, 1632, 45.00, 54.18
16435200.00, 38.691109, -9.294561, 33.05, 206.08, 173.03, -0.37,20,53, 1556, 45.00, 54.18
16435200.00, 38.691109, -9.294561, 32.58, 206.08, 173.50, -0.37,20,52, 1556, 45.00, 54.18
16435200.00, 38.691109, -9.294561, 32.07, 206.08, 174.02, -0.25,23,55, 1256, 45.00, 54.18
16435300.00, 38.691109, -9.294560, 31.40, 206.08, 174.68, -0.13,23,54, 1256, 45.00, 54.21
16435300.00, 38.691109, -9.294560, 30.84, 206.08, 175.24, 0.00,24,54, 1256, 45.00, 54.21
16435300.00, 38.691109, -9.294560, 30.11, 206.08, 175.97, 0.06,24,54, 1256, 45.00, 54.21
16435300.00, 38.691109, -9.294560, 29.66, 206.08, 176.42, 0.25,27,56, 1256, 45.00, 54.21
16435300.00, 38.691109, -9.294560, 28.85, 206.08, 177.24, 0.44,27,55, 1256, 45.00, 54.21
16435300.00, 38.691109, -9.294560, 28.59, 206.08, 177.50, 0.56,28,56, 1256, 45.00, 54.21
16435300.00, 38.691109, -9.294560, 28.24, 206.08, 177.84, 0.75,28,56, 1256, 45.00, 54.21
16435300.00, 38.691109, -9.294560, 28.12, 206.08, 177.96, 0.81,30,58, 1256, 45.00, 54.21
16435300.00, 38.691109, -9.294560, 27.94, 206.08, 178.14, 0.94,30,57, 1256, 45.00, 54.21
16435300.00, 38.691109, -9.294560, 27.58, 206.08, 178.51, 1.00,32,59, 1256, 45.00, 54.21
16435300.00, 38.691109, -9.294560, 27.77, 206.08, 178.31, 1.19,32,59, 1256, 45.00, 54.21
16435300.00, 38.691109, -9.294560, 27.30, 206.08, 178.78, 1.37,33,60, 1256, 45.00, 54.21
16435300.00, 38.691109, -9.294560, 26.53, 206.08, 179.56, 1.62,33,59, 1256, 45.00, 54.21
16435300.00, 38.691109, -9.294560, 25.91, 206.08, -179.82, 1.75,34,59, 1280, -45.00, 54.21
16435300.00, 38.691109, -9.294560, 24.88, 206.08, -178.80, 1.87,34,58, 1280, -45.00, 54.21
16435300.00, 38.691109, -9.294560, 24.72, 206.08, -178.64, 1.87,35,59, 1604, -45.00, 54.21
16435300.00, 38.691109, -9.294560, 23.91, 206.08, -177.82, 1.81,35,58, 1604, -45.00, 54.21
16435300.00, 38.691109, -9.294560, 23.62, 206.08, -177.53, 1.75,37,60, 1904, -45.00, 54.21
16435400.00, 38.691109, -9.294560, 23.19, 206.08, -177.10, 1.69,37,60, 1904, -45.00, 54.21
16435400.00, 38.691109, -9.294560, 23.14, 206.08, -177.06, 1.62,39,62, 2080, -45.00, 54.21
16435400.00, 38.691109, -9.294560, 22.82, 206.08, -176.74, 1.50,39,61, 2080, -45.00, 54.21
16435400.00, 38.691109, -9.294560, 22.39, 206.08, -176.31, 1.37,39,61, 2080, -45.00, 54.21
16435400.00, 38.691109, -9.294560, 22.24, 206.08, -176.16, 1.37,39,61, 2080, -45.00, 54.21
16435400.00, 38.691109, -9.294560, 21.80, 206.08, -175.72, 1.37,39,60, 2080, -45.00, 54.21
16435400.00, 38.691109, -9.294560, 21.60, 206.08, -175.51, 1.37,39,60, 2080, -45.00, 54.21
16435400.00, 38.691109, -9.294560, 20.67, 206.08, -174.59, 1.37,39,59, 2080, -45.00, 54.21
16435400.00, 38.691109, -9.294560, 20.24, 206.08, -174.16, 1.37,39,59, 2080, -45.00, 54.21
16435400.00, 38.691109, -9.294560, 20.18, 206.08, -174.10, 1.31,39,59, 2080, -45.00, 54.21
16435400.00, 38.691109, -9.294560, 19.66, 206.08, -173.58, 1.31,39,58, 2080, -45.00, 54.21
16435400.00, 38.691109, -9.294560, 19.16, 206.08, -173.08, 1.31,40,59, 2080, -45.00, 54.21
16435400.00, 38.691109, -9.294560, 18.18, 206.08, -172.09, 1.31,40,58, 2080, -45.00, 54.21
16435400.00, 38.691109, -9.294560, 18.21, 206.08, -172.13, 1.25,41,59, 2084, -45.00, 54.21
16435400.00, 38.691109, -9.294560, 18.44, 206.08, -172.35, 1.06,41,59, 2084, -45.00, 54.21
16435400.00, 38.691109, -9.294560, 18.67, 206.08, -172.59, 0.88,43,61, 2080, -45.00, 54.21
16435400.00, 38.691109, -9.294560, 18.35, 206.08, -172.27, 0.62,43,61, 2080, -45.00, 54.21
16435400.00, 38.691109, -9.294560, 17.28, 206.08, -171.20, 0.44,45,62, 2080, -45.00, 54.21
16435400.00, 38.691109, -9.294560, 16.19, 206.08, -170.11, 0.25,45,61, 2080, -45.00, 54.21
16435400.00, 38.691109, -9.294560, 15.72, 206.08, -169.63, 0.00,46,61, 2080, -45.00, 54.21
16435400.00, 38.691109, -9.294560, 14.85, 206.08, -168.76, -0.13,46,60, 2080, -45.00, 54.21
16435500.00, 38.691109, -9.294560, 14.37, 206.08, -168.29, -0.44,48,62, 1880, -45.00, 54.21
16435500.00, 38.691109, -9.294560, 13.81, 206.08, -167.73, -0.81,48,61, 1880, -45.00, 54.21
16435500.00, 38.691109, -9.294560, 13.28, 206.08, -167.20, -1.19,53,66, 1356, -45.00, 54.21
16435500.00, 38.691109, -9.294560, 12.34, 206.08, -166.26, -1.69,53,65, 1356, -45.00, 54.21
16435500.00, 38.691109, -9.294560, 11.39, 206.08, -165.31, -2.25,58,69, 1256, -45.00, 54.21
16435500.00, 38.691109, -9.294560, 10.76, 206.08, -164.68, -2.75,58,68, 1256, -45.00, 54.21
16435500.00, 38.691109, -9.294560, 9.92, 206.08, -163.84, -3.19,64,73, 1256, -45.00, 54.21
16435500.00, 38.691109, -9.294560, 9.14, 206.08, -163.06, -3.75,64,73, 1256, -45.00, 54.21
16435500.00, 38.691109, -9.294560, 8.36, 206.08, -162.27, -4.19,69,77, 1256, -45.00, 54.21
16435500.00, 38.691109, -9.294560, 7.61, 206.08, -161.52, -4.69,69,76, 1256, -45.00, 54.21
16435500.00, 38.691109, -9.294560, 6.86, 206.08, -160.78, -5.19,73,79, 1256, -45.00, 54.21
16435500.00, 38.691109, -9.294560, 6.37, 206.08, -160.28, -5.62,73,79, 1256, -45.00, 54.21
16435500.00, 38.691109, -9.294560, 5.64, 206.08, -159.56, -6.06,76,81, 1256, -45.00, 54.21
16435500.00, 38.691109, -9.294560, 5.10, 206.08, -159.02, -6.69,76,81, 1256, -45.00, 54.21
16435500.00, 38.691109, -9.294560, 4.14, 206.08, -158.06, -7.44,76,80, 1256, -45.00, 54.21
16435500.00, 38.691109, -9.294560, 3.18, 206.08, -157.10, -8.38,76,79, 1256, -45.00, 54.21
16435600.00, 38.691109, -9.294560, 2.07, 206.08, -155.99, -9.38,7,9, 1256, -45.00, 54.21
16435600.00, 38.691109, -9.294560, 1.24, 206.08, -155.15, -12.88,7,8, 1256, -45.00, 54.21
16435600.00, 38.691109, -9.294560, 359.61, 206.08, -153.53, -14.94,68,67, 1256, -45.00, 54.21
16435600.00, 38.691109, -9.294560, 358.75, 206.08, -152.66, -16.62,68,66, 1256, -45.00, 54.21
16435600.00, 38.691109, -9.294560, 358.21, 206.08, -152.13, -18.56,67,65, 1256, -45.00, 54.21
16435600.00, 38.691109, -9.294560, 357.18, 206.08, -151.10, -20.12,67,64, 1256, -45.00, 54.21
16435600.00, 38.691109, -9.294560, 356.77, 206.08, -150.69, -21.50,67,63, 1256, -45.00, 54.21
16435600.00, 38.691109, -9.294560, 356.31, 206.08, -150.23, -23.00,67,63, 1256, -45.00, 54.21
16435600.00, 38.691109, -9.294560, 356.29, 206.08, -150.20, -24.00,68,64, 1256, -45.00, 54.21
16435600.00, 38.691109, -9.294560, 355.51, 206.08, -149.42, -24.94,68,63, 1256, -45.00, 54.21
16435600.00, 38.691109, -9.294560, 354.85, 206.08, -148.77, -25.44,68,62, 1256, -45.00, 54.21
16435600.00, 38.691109, -9.294560, 354.92, 206.08, -148.84, -25.81,68,62, 1256, -45.00, 54.21
16435600.00, 38.691109, -9.294560, 354.91, 206.08, -148.82, -25.94,68,62, 1256, -45.00, 54.21
16435600.00, 38.691109, -9.294560, 355.04, 206.08, -148.96, -25.88,68,63, 1256, -45.00, 54.21
16435600.00, 38.691109, -9.294560, 354.90, 206.08, -148.81, -25.62,68,62, 1256, -45.00, 54.21
16435600.00, 38.691109, -9.294560, 355.17, 206.08, -149.09, -25.00,68,63, 1256, -45.00, 54.21
16435600.00, 38.691109, -9.294560, 355.06, 206.08, -148.97, -24.31,68,63, 1256, -45.00, 54.21
16435700.00, 38.691109, -9.294561, 355.25, 206.08, -149.17, -21.12,68,63, 1256, -45.00, 54.18
16435700.00, 38.691109, -9.294561, 355.48, 206.08, -149.40, -20.06,69,64, 1256, -45.00, 54.18
16435700.00, 38.691109, -9.294561, 355.43, 206.08, -149.34, -18.81,69,64, 1256, -45.00, 54.18
16435700.00, 38.691109, -9.294561, 355.05, 206.08, -148.97, -17.81,71,66, 1252, -45.00, 54.18
16435700.00, 38.691109, -9.294561, 355.18, 206.08, -149.10, -16.62,71,66, 1252, -45.00, 54.18
16435700.00, 38.691109, -9.294561, 354.78, 206.08, -148.70, -15.69,2,356, 1256, -45.00, 54.18
16435700.00, 38.691109, -9.294561, 354.38, 206.08, -148.29, -14.87,2,356, 1256, -45.00, 54.18
16435700.00, 38.691109, -9.294561, 353.64, 206.08, -147.55, -14.06,72,65, 1256, -45.00, 54.18
16435700.00, 38.691109, -9.294561, 353.13, 206.08, -147.04, -13.44,72,65, 1256, -45.00, 54.18
16435700.00, 38.691109, -9.294561, 352.54, 206.08, -146.45, -13.00,74,66, 1256, -45.00, 54.18
16435700.00, 38.691109, -9.294561, 352.15, 206.08, -146.07, -12.75,74,66, 1256, -45.00, 54.18
16435700.00, 38.691109, -9.294561, 351.73, 206.08, -145.64, -12.56,76,67, 1256, -45.00, 54.18
16435700.00, 38.691109, -9.294561, 352.34, 206.08, -146.26, -12.44,76,68, 1256, -45.00, 54.18
16435700.00, 38.691109, -9.294561, 352.15, 206.08, -146.07, -12.37,76,68, 1256, -45.00, 54.18
16435700.00, 38.691109, -9.294561, 351.94, 206.08, -145.86, -12.25,76,67, 1256, -45.00, 54.18
16435700.00, 38.691109, -9.294561, 351.60, 206.08, -145.51, -12.25,76,67, 1256, -45.00, 54.18
16435700.00, 38.691109, -9.294561, 350.90, 206.08, -144.82, -12.25,76,66, 1256, -45.00, 54.18
16435700.00, 38.691109, -9.294561, 349.96, 206.08, -143.87, -12.25,76,65, 1256, -45.00, 54.18
16435800.00, 38.691113, -9.294562, 349.13, 206.08, -143.05, -12.56,76,65, 1256, -45.00, 54.54
16435800.00, 38.691113, -9.294562, 348.11, 206.08, -142.03, -12.63,77,65, 1256, -45.00, 54.54
16435800.00, 38.691113, -9.294562, 347.06, 206.08, -140.97, -12.69,77,64, 1256, -45.00, 54.54
16435800.00, 38.691113, -9.294562, 346.13, 206.08, -140.05, -12.69,78,64, 1256, -45.00, 54.54
16435800.00, 38.691113, -9.294562, 344.97, 206.08, -138.88, -12.63,78,62, 1256, -45.00, 54.54
16435800.00, 38.691113, -9.294562, 344.22, 206.08, -138.14, -12.50,79,63, 1256, -45.00, 54.54
16435800.00, 38.691113, -9.294562, 342.98, 206.08, -136.90, -12.19,79,61, 1256, -45.00, 54.54
16435800.00, 38.691113, -9.294562, 341.06, 206.08, -134.98, -11.81,80,61, 1256, -45.00, 54.54
16435800.00, 38.691113, -9.294562, 340.07, 206.08, -133.99, -11.38,80,60, 1256, -45.00, 54.54
16435800.00, 38.691113, -9.294562, 339.03, 206.08, -132.95, -10.88,80,59, 1256, -45.00, 54.54
16435800.00, 38.691113, -9.294562, 338.04, 206.08, -131.95, -10.50,80,58, 1256, -45.00, 54.54
16435800.00, 38.691113, -9.294562, 336.92, 206.08, -130.84, -10.19,80,56, 1256, -45.00, 54.54
16435800.00, 38.691113, -9.294562, 336.27, 206.08, -130.19, -9.94,80,56, 1256, -45.00, 54.54
16435800.00, 38.691113, -9.294562, 335.50, 206.08, -129.41, -9.75,79,54, 1260, -45.00, 54.54
16435800.00, 38.691113, -9.294562, 334.36, 206.08, -128.28, -9.50,79,53, 1260, -45.00, 54.54
16435800.00, 38.691113, -9.294562, 333.44, 206.08, -127.36, -9.38,80,53, 1256, -45.00, 54.54
16435800.00, 38.691113, -9.294562, 331.88, 206.08, -125.80, -9.25,80,51, 1256, -45.00, 54.54
16435900.00, 38.691116, -9.294564, 330.88, 206.08, -124.80, -9.25,82,52, 1256, -45.00, 54.87
16435900.00, 38.691116, -9.294564, 329.14, 206.08, -123.06, -9.44,82,51, 1256, -45.00, 54.87
16435900.00, 38.691116, -9.294564, 327.94, 206.08, -121.86, -9.69,86,53, 1256, -45.00, 54.87
16435900.00, 38.691116, -9.294564, 326.65, 206.08, -120.57, -10.00,86,52, 1256, -45.00, 54.87
16435900.00, 38.691116, -9.294564, 324.81, 206.08, -118.73, -10.38,91,55, 1256, -45.00, 54.87
16435900.00, 38.691116, -9.294564, 323.59, 206.08, -117.50, -10.81,91,54, 1256, -45.00, 54.87
16435900.00, 38.691116, -9.294564, 322.32, 206.08, -116.23, -11.25,96,58, 1256, -45.00, 54.87
16435900.00, 38.691116, -9.294564, 320.81, 206.08, -114.73, -11.69,96,56, 1256, -45.00, 54.87
16435900.00, 38.691116, -9.294564, 319.14, 206.08, -113.05, -12.00,99,58, 1256, -45.00, 54.87
16435900.00, 38.691116, -9.294564, 317.86, 206.08, -111.78, -12.44,99,56, 1256, -45.00, 54.87
16435900.00, 38.691116, -9.294564, 316.71, 206.08, -110.63, -12.81,101,57, 1256, -45.00, 54.87
16435900.00, 38.691116, -9.294564, 315.21, 206.08, -109.13, -13.25,101,56, 1256, -45.00, 54.87
16435900.00, 38.691116, -9.294564, 314.00, 206.08, -107.92, -13.50,104,58, 1256, -45.00, 54.87
16435900.00, 38.691116, -9.294564, 312.59, 206.08, -106.51, -13.75,104,56, 1256, -45.00, 54.87
16435900.00, 38.691116, -9.294564, 310.87, 206.08, -104.78, -13.94,107,57, 1256, -45.00, 54.87
16435900.00, 38.691116, -9.294564, 309.46, 206.08, -103.38, -14.13,107,56, 1256, -45.00, 54.87
16440000.00, 38.691116, -9.294567, 307.75, 206.08, -101.66, -14.25,112,59, 1256, -45.00, 54.78
16440000.00, 38.691116, -9.294567, 305.84, 206.08, -99.76, -14.25,112,57, 1256, -45.00, 54.78
16440000.00, 38.691116, -9.294567, 304.45, 206.08, -98.36, -14.31,117,61, 1256, -45.00, 54.78
16440000.00, 38.691116, -9.294567, 302.73, 206.08, -96.65, -14.31,117,59, 1256, -45.00, 54.78
16440000.00, 38.691116, -9.294567, 300.92, 206.08, -94.84, -14.38,121,61, 1256, -45.00, 54.78
16440000.00, 38.691116, -9.294567, 299.22, 206.08, -93.14, -14.44,121,60, 1256, -45.00, 54.78
16440000.00, 38.691116, -9.294567, 298.23, 206.08, -92.15, -14.63,124,62, 1256, -45.00, 54.78
16440000.00, 38.691116, -9.294567, 296.51, 206.08, -90.42, -14.69,124,60, 1256, -45.00, 54.78
16440000.00, 38.691116, -9.294567, 295.21, 206.08, -89.13, -14.75,127,62, 1256, -45.00, 54.78
16440000.00, 38.691116, -9.294567, 293.70, 206.08, -87.62, -14.81,127,60, 1256, -45.00, 54.78
16440000.00, 38.691116, -9.294567, 292.25, 206.08, -86.16, -15.00,131,63, 1256, -45.00, 54.78
16440000.00, 38.691116, -9.294567, 290.81, 206.08, -84.73, -15.38,131,61, 1256, -45.00, 54.78
16440000.00, 38.691116, -9.294567, 289.38, 206.08, -83.30, -15.81,136,65, 1256, -45.00, 54.78
16440000.00, 38.691116, -9.294567, 288.18, 206.08, -82.10, -16.37,136,64, 1256, -45.00, 54.78
16440000.00, 38.691116, -9.294567, 287.12, 206.08, -81.04, -17.00,141,68, 1256, -45.00, 54.78
16440000.00, 38.691116, -9.294567, 286.05, 206.08, -79.97, -17.75,141,67, 1256, -45.00, 54.78
16440000.00, 38.691116, -9.294567, 284.95, 206.08, -78.87, -18.56,144,68, 1256, -45.00, 54.78
16440000.00, 38.691116, -9.294567, 284.24, 206.08, -78.15, -20.06,144,68, 1256, -45.00, 54.78
16440000.00, 38.691116, -9.294567, 283.62, 206.08, -77.53, -21.37,147,70, 1256, -45.00, 54.78
16440000.00, 38.691116, -9.294567, 282.89, 206.08, -76.81, -22.75,147,69, 1256, -45.00, 54.78
16440000.00, 38.691116, -9.294567, 282.74, 206.08, -76.65, -24.31,150,72, 1256, -45.00, 54.78
16440000.00, 38.691116, -9.294567, 282.15, 206.08, -76.07, -25.62,150,72, 1256, -45.00, 54.78
16440000.00, 38.691116, -9.294567, 281.66, 206.08, -75.58, -27.13,152,73, 1256, -45.00, 54.78
16440000.00, 38.691116, -9.294567, 281.59, 206.08, -75.51, -28.38,152,73, 1256, -45.00, 54.78
16440000.00, 38.691116, -9.294567, 281.67, 206.08, -75.59, -29.56,154,75, 1256, -45.00, 54.78
16440000.00, 38.691116, -9.294567, 281.63, 206.08, -75.55, -30.75,154,75, 1256, -45.00, 54.78
16440000.00, 38.691116, -9.294567, 282.31, 206.08, -76.22, -31.62,154,76, 1256, -45.00, 54.78
16440000.00, 38.691116, -9.294567, 282.14, 206.08, -76.05, -32.50,154,76, 1256, -45.00, 54.78
16440000.00, 38.691116, -9.294567, 282.65, 206.08, -76.57, -33.13,155,77, 1256, -45.00, 54.78
16440000.00, 38.691116, -9.294567, 282.94, 206.08, -76.85, -33.56,155,77, 1256, -45.00, 54.78
16440000.00, 38.691116, -9.294567, 283.83, 206.08, -77.75, -33.88,155,78, 1256, -45.00, 54.78
16440000.00, 38.691116, -9.294567, 284.53, 206.08, -78.45, -34.00,155,79, 1256, -45.00, 54.78
16440000.00, 38.691116, -9.294567, 285.23, 206.08, -79.15, -34.06,154,79, 1256, -45.00, 54.78
16440000.00, 38.691116, -9.294567, 286.29, 206.08, -80.21, -34.19,154,80, 1256, -45.00, 54.78
16440000.00, 38.691116, -9.294567, 286.87, 206.08, -80.78, -34.31,154,80, 1256, -45.00, 54.78
16440000.00, 38.691116, -9.294567, 288.72, 206.08, -82.64, -35.44,154,82, 1256, -45.00, 54.78
16440000.00, 38.691116, -9.294567, 290.35, 206.08, -84.27, -35.81,153,83, 1256, -45.00, 54.78
16440000.00, 38.691116, -9.294567, 292.36, 206.08, -86.27, -36.25,153,85, 1256, -45.00, 54.78
16440000.00, 38.691116, -9.294567, 294.06, 206.08, -87.98, -36.63,152,86, 1256, -45.00, 54.78
16440000.00, 38.691116, -9.294567, 295.59, 206.08, -89.51, -36.88,152,87, 1256, -45.00, 54.78
16440000.00, 38.691116, -9.294567, 297.49, 206.08, -91.41, -37.13,151,88, 1256, -45.00, 54.78
16440000.00, 38.691116, -9.294567, 299.23, 206.08, -93.14, -37.44,151,90, 1256, -45.00, 54.78
16440000.00, 38.691116, -9.294567, 301.00, 206.08, -94.91, -37.69,147,87, 1256, -45.00, 54.78
16440000.00, 38.691116, -9.294567, 302.72, 206.08, -96.64, -38.00,147,89, 1256, -45.00, 54.78
16440000.00, 38.691116, -9.294567, 304.99, 206.08, -98.91, -38.38,143,87, 1256, -45.00, 54.78
16440000.00, 38.691116, -9.294567, 306.49, 206.08, -100.41, -38.69,143,89, 1256, -45.00, 54.78
16440000.00, 38.691116, -9.294567, 308.25, 206.08, -102.16, -38.88,139,87, 1256, -45.00, 54.78
16440000.00, 38.691116, -9.294567, 309.87, 206.08, -103.78, -39.00,139,88, 1256, -45.00, 54.78
16440000.00, 38.691116, -9.294567, 312.03, 206.08, -105.94, -39.13,134,86, 1256, -45.00, 54.78
16440000.00, 38.691116, -9.294567, 314.58, 206.08, -108.49, -39.13,134,88, 1256, -45.00, 54.78
16440000.00, 38.691116, -9.294567, 316.49, 206.08, -110.41, -39.00,1,317, 1256, -45.00, 54.78
16440000.00, 38.691116, -9.294567, 319.38, 206.08, -113.30, -37.88,1,320, 1256, -45.00, 54.78
16440000.00, 38.691116, -9.294567, 321.88, 206.08, -115.79, -37.25,114,75, 1256, -45.00, 54.78
16440000.00, 38.691116, -9.294567, 324.03, 206.08, -117.94, -36.63,114,78, 1256, -45.00, 54.78
16440000.00, 38.691116, -9.294567, 325.93, 206.08, -119.84, -36.00,114,79, 1256, -45.00, 54.78
16440000.00, 38.691116, -9.294567, 327.94, 206.08, -121.85, -35.19,114,81, 1256, -45.00, 54.78
16440000.00, 38.691116, -9.294567, 329.58, 206.08, -123.49, -34.38,102,71, 1256, -45.00, 54.78
16440000.00, 38.691116, -9.294567, 331.19, 206.08, -125.11, -33.44,102,73, 1256, -45.00, 54.78
16440000.00, 38.691116, -9.294567, 332.86, 206.08, -126.78, -32.69,94,66, 1256, -45.00, 54.78
16440000.00, 38.691116, -9.294567, 334.22, 206.08, -128.14, -31.81,94,68, 1256, -45.00, 54.78
16440000.00, 38.691116, -9.294567, 335.61, 206.08, -129.52, -30.75,88,63, 1256, -45.00, 54.78
16440000.00, 38.691116, -9.294567, 337.27, 206.08, -131.18, -29.69,88,65, 1256, -45.00, 54.78
16440000.00, 38.691116, -9.294567, 338.33, 206.08, -132.24, -28.75,8,346, 1256, -45.00, 54.78
16440000.00, 38.691116, -9.294567, 339.91, 206.08, -133.83, -26.06,8,347, 1256, -45.00, 54.78
16440000.00, 38.691116, -9.294567, 341.15, 206.08, -135.07, -25.12,75,56, 1532, -45.00, 54.78
16440000.00, 38.691116, -9.294567, 342.47, 206.08, -136.39, -23.69,75,57, 1532, -45.00, 54.78
16440000.00, 38.691116, -9.294567, 343.84, 206.08, -137.75, -22.37,71,54, 2056, -45.00, 54.78
16440000.00, 38.691116, -9.294567, 343.91, 206.08, -137.83, -21.00,71,54, 2056, -45.00, 54.78
16440000.00, 38.691116, -9.294567, 344.86, 206.08, -138.77, -19.31,69,53, 2084, -45.00, 54.78
16440000.00, 38.691116, -9.294567, 345.60, 206.08, -139.52, -17.87,69,54, 2084, -45.00, 54.78
16440400.00, 38.691124, -9.294586, 346.38, 206.08, -140.30, -15.94,69,55, 2080, -45.00, 54.99
16440400.00, 38.691124, -9.294586, 346.39, 206.08, -140.30, -14.31,69,55, 2080, -45.00, 54.99
16440400.00, 38.691124, -9.294586, 346.14, 206.08, -140.05, -12.69,70,56, 2084, -45.00, 54.99
16440400.00, 38.691124, -9.294586, 345.51, 206.08, -139.43, -11.00,70,55, 2084, -45.00, 54.99
16440400.00, 38.691124, -9.294586, 345.30, 206.08, -139.21, -9.00,72,57, 2080, -45.00, 54.99
16440400.00, 38.691124, -9.294586, 344.21, 206.08, -138.13, -7.31,72,56, 2080, -45.00, 54.99
16440400.00, 38.691124, -9.294586, 343.71, 206.08, -137.62, -5.31,74,57, 2084, -45.00, 54.99
16440400.00, 38.691124, -9.294586, 342.88, 206.08, -136.80, -3.75,74,56, 2084, -45.00, 54.99
16440400.00, 38.691124, -9.294586, 342.59, 206.08, -136.50, -1.81,76,58, 2080, -45.00, 54.99
16440400.00, 38.691124, -9.294586, 341.23, 206.08, -135.15, -0.37,76,57, 2080, -45.00, 54.99
16440400.00, 38.691124, -9.294586, 340.29, 206.08, -134.20, 1.31,76,56, 2084, -45.00, 54.99
16440400.00, 38.691124, -9.294586, 338.03, 206.08, -131.95, 5.31,76,54, 2084, -45.00, 54.99
16440400.00, 38.691124, -9.294586, 335.61, 206.08, -129.53, 6.37,72,47, 2080, -45.00, 54.99
16440400.00, 38.691124, -9.294586, 333.40, 206.08, -127.32, 7.31,72,45, 2080, -45.00, 54.99
16440500.00, 38.691128, -9.294587, 331.39, 206.08, -125.30, 8.13,64,35, 2084, -45.00, 55.36
16440500.00, 38.691128, -9.294587, 329.21, 206.08, -123.13, 9.13,64,33, 2084, -45.00, 55.36
16440500.00, 38.691128, -9.294587, 327.39, 206.08, -121.31, 9.75,57,24, 2080, -45.00, 55.36
16440500.00, 38.691128, -9.294587, 325.18, 206.08, -119.09, 10.19,57,22, 2080, -45.00, 55.36
16440500.00, 38.691128, -9.294587, 323.08, 206.08, -116.99, 10.25,57,20, 2080, -45.00, 55.36
16440500.00, 38.691128, -9.294587, 321.10, 206.08, -115.02, 10.06,57,18, 2080, -45.00, 55.36
16440500.00, 38.691128, -9.294587, 319.19, 206.08, -113.11, 9.69,59,18, 2080, -45.00, 55.36
16440500.00, 38.691128, -9.294587, 317.38, 206.08, -111.30, 9.25,59,16, 2080, -45.00, 55.36
16440500.00, 38.691128, -9.294587, 314.68, 206.08, -108.60, 8.81,63,17, 2080, -45.00, 55.36
16440500.00, 38.691128, -9.294587, 311.85, 206.08, -105.77, 8.19,63,14, 2080, -45.00, 55.36
16440500.00, 38.691128, -9.294587, 309.45, 206.08, -103.37, 7.25,71,20, 2080, -45.00, 55.36
16440500.00, 38.691128, -9.294587, 306.79, 206.08, -100.70, 6.00,71,17, 2080, -45.00, 55.36
16440500.00, 38.691128, -9.294587, 304.46, 206.08, -98.38, 4.94,84,28, 2080, -45.00, 55.36
16440500.00, 38.691128, -9.294587, 302.21, 206.08, -96.12, 3.69,84,26, 2080, -45.00, 55.36
16440500.00, 38.691128, -9.294587, 299.76, 206.08, -93.67, 2.75,99,38, 2080, -45.00, 55.36
16440500.00, 38.691128, -9.294587, 296.67, 206.08, -90.58, 1.75,99,35, 2080, -45.00, 55.36
16440500.00, 38.691128, -9.294587, 294.87, 206.08, -88.79, 0.75,111,45, 2080, -45.00, 55.36
16440500.00, 38.691128, -9.294587, 292.76, 206.08, -86.68, -0.13,111,43, 2080, -45.00, 55.36
16440500.00, 38.691128, -9.294587, 290.88, 206.08, -84.80, -1.00,119,49, 2080, -45.00, 55.36
16440500.00, 38.691128, -9.294587, 289.26, 206.08, -83.17, -1.87,119,48, 2080, -45.00, 55.36
16440500.00, 38.691128, -9.294587, 287.67, 206.08, -81.59, -2.56,122,49, 2080, -45.00, 55.36
16440500.00, 38.691128, -9.294587, 285.84, 206.08, -79.75, -3.31,122,47, 2080, -45.00, 55.36
16440500.00, 38.691128, -9.294587, 284.48, 206.08, -78.40, -3.94,124,48, 2080, -45.00, 55.36
16440500.00, 38.691128, -9.294587, 282.46, 206.08, -76.37, -4.44,124,46, 2080, -45.00, 55.36
16440500.00, 38.691128, -9.294587, 279.34, 206.08, -73.25, -4.94,127,46, 2080, -45.00, 55.36
16440500.00, 38.691128, -9.294587, 276.66, 206.08, -70.58, -5.31,127,43, 2080, -45.00, 55.36
16440500.00, 38.691128, -9.294587, 274.28, 206.08, -68.19, -5.44,133,47, 2080, -45.00, 55.36
16440500.00, 38.691128, -9.294587, 271.78, 206.08, -65.69, -5.50,133,44, 2080, -45.00, 55.36
16440500.00, 38.691128, -9.294587, 269.35, 206.08, -63.27, -5.31,137,46, 2084, -41.48, 55.36
16440500.00, 38.691128, -9.294587, 267.69, 206.08, -61.61, -5.00,137,44, 2084, -38.70, 55.36
16440500.00, 38.691128, -9.294587, 265.30, 206.08, -59.22, -4.69,142,47, 2080, -35.44, 55.36
16440500.00, 38.691128, -9.294587, 263.25, 206.08, -57.17, -4.06,142,45, 2080, -33.17, 55.36
16440500.00, 38.691128, -9.294587, 261.50, 206.08, -55.41, -3.44,146,47, 2080, -31.51, 55.36
16440500.00, 38.691128, -9.294587, 259.48, 206.08, -53.39, -2.62,146,45, 2080, -29.86, 55.36
16440500.00, 38.691128, -9.294587, 257.49, 206.08, -51.40, -1.75,151,48, 2084, -28.46, 55.36
16440500.00, 38.691128, -9.294587, 255.13, 206.08, -49.05, -0.81,151,46, 2084, -27.03, 55.36
16440500.00, 38.691128, -9.294587, 253.27, 206.08, -47.19, 0.44,157,50, 2080, -26.04, 55.36
16440500.00, 38.691128, -9.294587, 250.91, 206.08, -44.83, 1.56,157,47, 2080, -25.00, 55.36
16440500.00, 38.691128, -9.294587, 248.26, 206.08, -42.18, 2.75,165,53, 2084, -25.00, 55.36
16440700.00, 38.691128, -9.294593, 246.53, 206.08, -40.45, 4.56,165,51, 2084, -25.00, 55.19
16440700.00, 38.691128, -9.294593, 244.85, 206.08, -38.77, 6.00,170,54, 2080, -25.00, 55.19
16440700.00, 38.691128, -9.294593, 243.59, 206.08, -37.50, 7.81,170,53, 2080, -25.00, 55.19
16440700.00, 38.691128, -9.294593, 241.93, 206.08, -35.85, 9.63,169,50, 2080, -25.00, 55.19
16440700.00, 38.691128, -9.294593, 240.13, 206.08, -34.05, 11.31,169,49, 2080, -25.00, 55.19
16440700.00, 38.691128, -9.294593, 238.89, 206.08, -32.81, 12.56,168,46, 2084, -25.00, 55.19
16440700.00, 38.691128, -9.294593, 237.77, 206.08, -31.69, 13.75,168,45, 2084, -25.00, 55.19
16440700.00, 38.691128, -9.294593, 238.16, 206.08, -32.08, 14.50,167,45, 2080, -25.00, 55.19
16440700.00, 38.691128, -9.294593, 238.53, 206.08, -32.44, 15.19,167,45, 2080, -25.00, 55.19
16440700.00, 38.691128, -9.294593, 239.48, 206.08, -33.40, 15.69,167,46, 2084, -25.00, 55.19
16440700.00, 38.691128, -9.294593, 241.29, 206.08, -35.21, 16.00,167,48, 2084, -25.00, 55.19
16440700.00, 38.691128, -9.294593, 243.00, 206.08, -36.92, 16.06,168,51, 2080, -25.00, 55.19
16440700.00, 38.691128, -9.294593, 244.44, 206.08, -38.35, 16.00,168,52, 2080, -25.00, 55.19
16440700.00, 38.691128, -9.294593, 246.24, 206.08, -40.15, 15.69,167,53, 2080, -25.00, 55.19
16440700.00, 38.691128, -9.294593, 247.90, 206.08, -41.82, 15.19,167,54, 2080, -25.00, 55.19
16440700.00, 38.691128, -9.294593, 249.40, 206.08, -43.32, 14.63,167,56, 2080, -25.00, 55.19
16440700.00, 38.691128, -9.294593, 251.59, 206.08, -45.51, 13.69,167,58, 2080, -25.23, 55.19
16440800.00, 38.691124, -9.294598, 254.25, 206.08, -48.16, 12.75,166,60, 2080, -26.54, 54.66
16440800.00, 38.691124, -9.294598, 256.47, 206.08, -50.39, 11.50,166,62, 2080, -27.82, 54.66
16440800.00, 38.691124, -9.294598, 259.34, 206.08, -53.25, 10.31,165,64, 2080, -29.76, 54.66
16440800.00, 38.691124, -9.294598, 262.53, 206.08, -56.45, 9.06,165,67, 2080, -32.46, 54.66
16440800.00, 38.691124, -9.294598, 265.17, 206.08, -59.08, 7.50,164,69, 2080, -35.28, 54.66
16440800.00, 38.691124, -9.294598, 268.09, 206.08, -62.00, 6.12,164,72, 2080, -39.32, 54.66
16440800.00, 38.691124, -9.294598, 270.53, 206.08, -64.45, 4.44,161,71, 2080, -43.80, 54.66
16440800.00, 38.691124, -9.294598, 273.14, 206.08, -67.06, 2.87,161,74, 2080, -45.00, 54.66
16440800.00, 38.691124, -9.294598, 275.75, 206.08, -69.66, 1.06,159,74, 2080, -45.00, 54.66
16440800.00, 38.691124, -9.294598, 278.14, 206.08, -72.05, -0.62,159,77, 2080, -45.00, 54.66
16440800.00, 38.691124, -9.294598, 280.83, 206.08, -74.75, -2.00,154,74, 2080, -45.00, 54.66
16440800.00, 38.691124, -9.294598, 283.37, 206.08, -77.28, -3.25,154,77, 2080, -45.00, 54.66
16440800.00, 38.691124, -9.294598, 286.34, 206.08, -80.26, -4.75,149,75, 2080, -45.00, 54.66
16440800.00, 38.691124, -9.294598, 289.45, 206.08, -83.37, -5.94,149,78, 2080, -45.00, 54.66
16440800.00, 38.691124, -9.294598, 292.38, 206.08, -86.29, -7.12,143,75, 2080, -45.00, 54.66
16440800.00, 38.691124, -9.294598, 295.12, 206.08, -89.04, -8.19,143,78, 2080, -45.00, 54.66
16440800.00, 38.691124, -9.294598, 298.16, 206.08, -92.08, -9.13,138,76, 2080, -45.00, 54.66
16440800.00, 38.691124, -9.294598, 300.48, 206.08, -94.40, -9.94,138,78, 2080, -45.00, 54.66
16440900.00, 38.691124, -9.294602, 303.38, 206.08, -97.29, -10.75,134,77, 2080, -45.00, 54.53
16440900.00, 38.691124, -9.294602, 305.63, 206.08, -99.55, -11.38,134,79, 2080, -45.00, 54.53
16440900.00, 38.691124, -9.294602, 308.65, 206.08, -102.57, -11.94,130,78, 2084, -45.00, 54.53
16440900.00, 38.691124, -9.294602, 311.02, 206.08, -104.94, -12.56,130,81, 2084, -45.00, 54.53
16440900.00, 38.691124, -9.294602, 313.42, 206.08, -107.34, -12.94,127,80, 2080, -45.00, 54.53
16440900.00, 38.691124, -9.294602, 315.93, 206.08, -109.84, -13.19,127,82, 2080, -45.00, 54.53
16440900.00, 38.691124, -9.294602, 318.46, 206.08, -112.38, -13.38,122,80, 2080, -45.00, 54.53
16440900.00, 38.691124, -9.294602, 320.95, 206.08, -114.86, -13.50,122,82, 2080, -45.00, 54.53
16440900.00, 38.691124, -9.294602, 323.09, 206.08, -117.01, -13.50,112,75, 2080, -45.00, 54.53
16440900.00, 38.691124, -9.294602, 325.37, 206.08, -119.29, -13.44,112,77, 2080, -45.00, 54.53
16440900.00, 38.691124, -9.294602, 327.44, 206.08, -121.35, -13.19,102,69, 2056, -45.00, 54.53
16440900.00, 38.691124, -9.294602, 330.58, 206.08, -124.50, -12.94,102,72, 2056, -45.00, 54.53
16440900.00, 38.691124, -9.294602, 333.11, 206.08, -127.02, -12.63,92,65, 2008, -45.00, 54.53
16440900.00, 38.691124, -9.294602, 335.20, 206.08, -129.12, -12.37,92,67, 2008, -45.00, 54.53
16440900.00, 38.691124, -9.294602, 337.59, 206.08, -131.51, -12.06,81,58, 1956, -45.00, 54.53
16440900.00, 38.691124, -9.294602, 339.79, 206.08, -133.71, -11.63,81,60, 1956, -45.00, 54.53
16440900.00, 38.691124, -9.294602, 341.70, 206.08, -135.62, -11.12,70,51, 1884, -45.00, 54.53
16440900.00, 38.691124, -9.294602, 343.61, 206.08, -137.53, -10.31,70,53, 1884, -45.00, 54.53
16440900.00, 38.691124, -9.294602, 345.52, 206.08, -139.44, -9.75,65,50, 1832, -45.00, 54.53
16440900.00, 38.691124, -9.294602, 347.56, 206.08, -141.48, -9.00,65,52, 1832, -45.00, 54.53
16440900.00, 38.691124, -9.294602, 349.62, 206.08, -143.53, -8.25,64,53, 1756, -45.00, 54.53
16441000.00, 38.691128, -9.294606, 351.63, 206.08, -145.55, -7.37,64,55, 1756, -45.00, 54.83
16441000.00, 38.691128, -9.294606, 354.02, 206.08, -147.93, -6.62,64,58, 1632, -45.00, 54.83
16441000.00, 38.691128, -9.294606, 356.05, 206.08, -149.97, -6.00,64,60, 1632, -45.00, 54.83
16441000.00, 38.691128, -9.294606, 357.58, 206.08, -151.50, -5.19,63,60, 1580, -45.00, 54.83
16441000.00, 38.691128, -9.294606, 359.10, 206.08, -153.01, -4.37,63,62, 1580, -45.00, 54.83
16441000.00, 38.691128, -9.294606, 1.24, 206.08, -155.16, -3.62,60,61, 1508, -45.00, 54.83
16441000.00, 38.691128, -9.294606, 3.40, 206.08, -157.32, -2.75,60,63, 1508, -45.00, 54.83
16441000.00, 38.691128, -9.294606, 4.79, 206.08, -158.71, -2.12,56,60, 1432, -45.00, 54.83
16441000.00, 38.691128, -9.294606, 6.20, 206.08, -160.11, -1.37,56,62, 1432, -45.00, 54.83
16441000.00, 38.691128, -9.294606, 8.03, 206.08, -161.94, -0.88,51,59, 1332, -45.00, 54.83
16441000.00, 38.691128, -9.294606, 9.61, 206.08, -163.53, -0.37,51,60, 1332, -45.00, 54.83
16441000.00, 38.691128, -9.294606, 11.01, 206.08, -164.93, 0.06,48,59, 1256, -45.00, 54.83
16441000.00, 38.691128, -9.294606, 12.21, 206.08, -166.13, 0.50,48,60, 1256, -45.00, 54.83
16441000.00, 38.691128, -9.294606, 13.55, 206.08, -167.47, 0.88,47,60, 1256, -45.00, 54.83
16441000.00, 38.691128, -9.294606, 15.26, 206.08, -169.18, 1.12,47,62, 1256, -45.00, 54.83
16441000.00, 38.691128, -9.294606, 16.92, 206.08, -170.84, 1.25,46,62, 1256, -45.00, 54.83
16441000.00, 38.691128, -9.294606, 18.50, 206.08, -172.42, 1.31,46,64, 1256, -45.00, 54.83
16441000.00, 38.691128, -9.294606, 20.28, 206.08, -174.20, 1.37,46,66, 1256, -45.00, 54.83
16441100.00, 38.691128, -9.294607, 21.47, 206.08, -175.38, 1.44,46,67, 1256, -45.00, 54.80
16441100.00, 38.691128, -9.294607, 23.16, 206.08, -177.07, 1.31,46,69, 1256, -45.00, 54.80
16441100.00, 38.691128, -9.294607, 24.07, 206.08, -177.98, 1.06,46,70, 1256, -45.00, 54.80
16441100.00, 38.691128, -9.294607, 25.19, 206.08, -179.11, 0.69,47,72, 1256, -45.00, 54.80
16441100.00, 38.691128, -9.294607, 25.88, 206.08, -179.79, 0.44,47,72, 1256, -45.00, 54.80
16441100.00, 38.691128, -9.294607, 26.87, 206.08, 179.21, 0.06,47,73, 1256, 45.00, 54.80
16441100.00, 38.691128, -9.294607, 27.53, 206.08, 178.56, -0.19,47,74, 1256, 45.00, 54.80
16441100.00, 38.691128, -9.294607, 28.76, 206.08, 177.33, -0.56,47,75, 1256, 45.00, 54.80
16441100.00, 38.691128, -9.294607, 30.58, 206.08, 175.51, -1.12,47,77, 1256, 45.00, 54.80
16441100.00, 38.691128, -9.294607, 31.95, 206.08, 174.14, -1.56,47,78, 1256, 45.00, 54.80
16441100.00, 38.691128, -9.294607, 33.16, 206.08, 172.93, -2.12,47,80, 1256, 45.00, 54.80
16441100.00, 38.691128, -9.294607, 33.85, 206.08, 172.24, -2.50,47,80, 1256, 45.00, 54.80
16441100.00, 38.691128, -9.294607, 35.02, 206.08, 171.07, -2.94,47,82, 1256, 45.00, 54.80
16441100.00, 38.691128, -9.294607, 36.49, 206.08, 169.59, -3.37,48,84, 1256, 45.00, 54.80
16441100.00, 38.691128, -9.294607, 37.47, 206.08, 168.62, -3.75,48,85, 1256, 45.00, 54.80
16441100.00, 38.691128, -9.294607, 37.93, 206.08, 168.15, -4.12,49,86, 1256, 45.00, 54.80
16441200.00, 38.691132, -9.294607, 38.67, 206.08, 167.41, -4.50,49,87, 1256, 45.00, 55.21
16441200.00, 38.691132, -9.294607, 38.86, 206.08, 167.23, -4.69,50,88, 1256, 45.00, 55.21
16441200.00, 38.691132, -9.294607, 39.39, 206.08, 166.70, -4.75,50,89, 1256, 45.00, 55.21
16441200.00, 38.691132, -9.294607, 39.88, 206.08, 166.21, -4.81,50,89, 1256, 45.00, 55.21
16441200.00, 38.691132, -9.294607, 39.88, 206.08, 166.20, -4.87,50,89, 1256, 45.00, 55.21
16441200.00, 38.691132, -9.294607, 39.39, 206.08, 166.69, -4.81,50,89, 1256, 45.00, 55.21
16441200.00, 38.691132, -9.294607, 39.55, 206.08, 166.54, -4.69,50,89, 1256, 45.00, 55.21
16441200.00, 38.691132, -9.294607, 39.04, 206.08, 167.04, -4.44,50,89, 1256, 45.00, 55.21
16441200.00, 38.691132, -9.294607, 38.81, 206.08, 167.28, -4.25,50,88, 1256, 45.00, 55.21
16441200.00, 38.691132, -9.294607, 37.93, 206.08, 168.16, -4.00,50,87, 1256, 45.00, 55.21
16441200.00, 38.691132, -9.294607, 37.25, 206.08, 168.83, -3.69,50,87, 1256, 45.00, 55.21
16441200.00, 38.691132, -9.294607, 36.26, 206.08, 169.82, -3.44,51,87, 1256, 45.00, 55.21
16441200.00, 38.691132, -9.294607, 35.11, 206.08, 170.97, -3.12,51,86, 1256, 45.00, 55.21
16441200.00, 38.691132, -9.294607, 34.48, 206.08, 171.60, -2.87,51,85, 1256, 45.00, 55.21
16441200.00, 38.691132, -9.294607, 34.11, 206.08, 171.97, -2.56,51,85, 1256, 45.00, 55.21
16441200.00, 38.691132, -9.294607, 33.73, 206.08, 172.36, -2.44,51,84, 1256, 45.00, 55.21
16441200.00, 38.691132, -9.294607, 32.99, 206.08, 173.09, -2.25,51,83, 1256, 45.00, 55.21
16441200.00, 38.691132, -9.294607, 32.21, 206.08, 173.87, -2.12,52,84, 1256, 45.00, 55.21
16441200.00, 38.691132, -9.294607, 31.32, 206.08, 174.77, -2.12,52,83, 1256, 45.00, 55.21
16441300.00, 38.691132, -9.294607, 30.15, 206.08, 175.93, -2.31,53,83, 1256, 45.00, 55.21
16441300.00, 38.691132, -9.294607, 28.76, 206.08, 177.32, -2.50,53,81, 1256, 45.00, 55.21
16441300.00, 38.691132, -9.294607, 27.78, 206.08, 178.30, -2.75,53,80, 1256, 45.00, 55.21
16441300.00, 38.691132, -9.294607, 26.46, 206.08, 179.63, -3.06,53,79, 1256, 45.00, 55.21
16441300.00, 38.691132, -9.294607, 24.92, 206.08, -178.84, -3.44,54,78, 1256, -45.00, 55.21
16441300.00, 38.691132, -9.294607, 24.39, 206.08, -178.30, -3.75,54,78, 1256, -45.00, 55.21
16441300.00, 38.691132, -9.294607, 23.17, 206.08, -177.09, -4.12,55,78, 1256, -45.00, 55.21
16441300.00, 38.691132, -9.294607, 22.16, 206.08, -176.08, -4.44,55,77, 1256, -45.00, 55.21
16441300.00, 38.691132, -9.294607, 21.27, 206.08, -175.19, -4.75,56,77, 1256, -45.00, 55.21
16441300.00, 38.691132, -9.294607, 19.64, 206.08, -173.56, -5.12,56,75, 1256, -45.00, 55.21
16441300.00, 38.691132, -9.294607, 18.66, 206.08, -172.57, -5.69,56,74, 1256, -45.00, 55.21
16441300.00, 38.691132, -9.294607, 17.19, 206.08, -171.11, -6.12,56,73, 1256, -45.00, 55.21
16441300.00, 38.691132, -9.294607, 15.90, 206.08, -169.81, -6.69,56,71, 1256, -45.00, 55.21
16441300.00, 38.691132, -9.294607, 14.77, 206.08, -168.69, -7.31,56,70, 1256, -45.00, 55.21
16441300.00, 38.691132, -9.294607, 13.60, 206.08, -167.51, -7.81,56,69, 1256, -45.00, 55.21
16441300.00, 38.691132, -9.294607, 12.30, 206.08, -166.21, -8.31,56,68, 1256, -45.00, 55.21
16441300.00, 38.691132, -9.294607, 11.01, 206.08, -164.93, -8.81,57,68, 1256, -45.00, 55.21
16441300.00, 38.691132, -9.294607, 9.42, 206.08, -163.33, -9.25,57,66, 1256, -45.00, 55.21
16441300.00, 38.691132, -9.294607, 8.66, 206.08, -162.57, -9.81,59,67, 1256, -45.00, 55.21
16441300.00, 38.691132, -9.294607, 6.99, 206.08, -160.91, -10.19,59,65, 1256, -45.00, 55.21
16441300.00, 38.691132, -9.294607, 5.61, 206.08, -159.52, -10.50,61,66, 1256, -45.00, 55.21
16441300.00, 38.691132, -9.294607, 4.49, 206.08, -158.41, -10.75,61,65, 1256, -45.00, 55.21
16441300.00, 38.691132, -9.294607, 3.31, 206.08, -157.23, -10.94,62,65, 1256, -45.00, 55.21
16441300.00, 38.691132, -9.294607, 2.41, 206.08, -156.32, -11.00,62,64, 1256, -45.00, 55.21
16441300.00, 38.691132, -9.294607, 1.54, 206.08, -155.45, -11.12,64,65, 1256, -45.00, 55.21
16441300.00, 38.691132, -9.294607, 0.10, 206.08, -154.01, -11.12,64,64, 1256, -45.00, 55.21
16441300.00, 38.691132, -9.294607, 358.86, 206.08, -152.78, -11.06,65,63, 1256, -45.00, 55.21
16441300.00, 38.691132, -9.294607, 357.59, 206.08, -151.51, -10.94,65,62, 1256, -45.00, 55.21
16441300.00, 38.691132, -9.294607, 356.42, 206.08, -150.34, -10.75,67,63, 1256, -45.00, 55.21
16441300.00, 38.691132, -9.294607, 355.51, 206.08, -149.43, -10.50,67,62, 1256, -45.00, 55.21
16441300.00, 38.691132, -9.294607, 354.84, 206.08, -148.75, -10.19,71,65, 1256, -45.00, 55.21
16441300.00, 38.691132, -9.294607, 354.01, 206.08, -147.93, -9.75,71,65, 1256, -45.00, 55.21
16441300.00, 38.691132, -9.294607, 352.98, 206.08, -146.90, -9.25,75,67, 1256, -45.00, 55.21
16441300.00, 38.691132, -9.294607, 351.80, 206.08, -145.72, -8.81,75,66, 1256, -45.00, 55.21
16441300.00, 38.691132, -9.294607, 351.11, 206.08, -145.03, -8.38,79,70, 1256, -45.00, 55.21
16441300.00, 38.691132, -9.294607, 350.05, 206.08, -143.97, -7.87,79,69, 1256, -45.00, 55.21
16441300.00, 38.691132, -9.294607, 348.71, 206.08, -142.63, -7.44,84,72, 1256, -45.00, 55.21
16441500.00, 38.691135, -9.294608, 347.64, 206.08, -141.56, -6.75,84,71, 1256, -45.00, 55.59
16441500.00, 38.691135, -9.294608, 346.50, 206.08, -140.42, -6.25,88,74, 1256, -45.00, 55.59
16441500.00, 38.691135, -9.294608, 344.95, 206.08, -138.87, -5.62,88,72, 1256, -45.00, 55.59
16441500.00, 38.691135, -9.294608, 343.68, 206.08, -137.60, -5.06,92,75, 1256, -45.00, 55.59
16441500.00, 38.691135, -9.294608, 342.66, 206.08, -136.58, -4.44,92,74, 1256, -45.00, 55.59
16441500.00, 38.691135, -9.294608, 341.66, 206.08, -135.58, -3.94,95,76, 1256, -45.00, 55.59
16441500.00, 38.691135, -9.294608, 340.17, 206.08, -134.09, -3.37,95,75, 1256, -45.00, 55.59
16441500.00, 38.691135, -9.294608, 339.78, 206.08, -133.69, -2.94,99,78, 1256, -45.00, 55.59
16441500.00, 38.691135, -9.294608, 339.04, 206.08, -132.96, -2.44,99,78, 1256, -45.00, 55.59
16441500.00, 38.691135, -9.294608, 338.12, 206.08, -132.03, -2.12,101,79, 1256, -45.00, 55.59
16441500.00, 38.691135, -9.294608, 336.52, 206.08, -130.43, -1.81,101,77, 1256, -45.00, 55.59
16441500.00, 38.691135, -9.294608, 334.79, 206.08, -128.71, -1.62,103,77, 1256, -45.00, 55.59
16441500.00, 38.691135, -9.294608, 333.29, 206.08, -127.20, -1.37,103,76, 1256, -45.00, 55.59
16441500.00, 38.691135, -9.294608, 332.25, 206.08, -126.17, -1.19,103,75, 1256, -45.00, 55.59
16441500.00, 38.691135, -9.294608, 330.71, 206.08, -124.63, -1.00,103,73, 1256, -45.00, 55.59
16441500.00, 38.691135, -9.294608, 329.12, 206.08, -123.04, -0.75,103,72, 1256, -45.00, 55.59
16441500.00, 38.691135, -9.294608, 327.77, 206.08, -121.68, -0.62,103,70, 1256, -45.00, 55.59
16441500.00, 38.691135, -9.294608, 326.40, 206.08, -120.32, -0.56,103,69, 1256, -45.00, 55.59
16441600.00, 38.691139, -9.294609, 324.99, 206.08, -118.91, -0.50,103,67, 1256, -45.00, 55.97
16441600.00, 38.691139, -9.294609, 323.97, 206.08, -117.88, -0.56,103,66, 1256, -45.00, 55.97
16441600.00, 38.691139, -9.294609, 322.83, 206.08, -116.75, -0.69,103,65, 1256, -45.00, 55.97
16441600.00, 38.691139, -9.294609, 321.15, 206.08, -115.06, -0.81,103,64, 1260, -45.00, 55.97
16441600.00, 38.691139, -9.294609, 319.57, 206.08, -113.49, -1.00,103,62, 1260, -45.00, 55.97
16441600.00, 38.691139, -9.294609, 317.86, 206.08, -111.78, -1.19,104,61, 1256, -45.00, 55.97
16441600.00, 38.691139, -9.294609, 316.12, 206.08, -110.04, -1.37,104,60, 1256, -45.00, 55.97
16441600.00, 38.691139, -9.294609, 314.22, 206.08, -108.14, -1.62,104,58, 1256, -45.00, 55.97
16441600.00, 38.691139, -9.294609, 312.48, 206.08, -106.39, -1.81,105,57, 1256, -45.00, 55.97
16441600.00, 38.691139, -9.294609, 311.30, 206.08, -105.22, -2.00,105,56, 1256, -45.00, 55.97
16441600.00, 38.691139, -9.294609, 309.75, 206.08, -103.67, -2.06,105,54, 1256, -45.00, 55.97
16441600.00, 38.691139, -9.294609, 307.96, 206.08, -101.87, -2.12,105,52, 1256, -45.00, 55.97
16441600.00, 38.691139, -9.294609, 306.56, 206.08, -100.48, -2.19,105,51, 1256, -45.00, 55.97
16441600.00, 38.691139, -9.294609, 304.88, 206.08, -98.80, -2.31,105,49, 1256, -45.00, 55.97
16441600.00, 38.691139, -9.294609, 303.07, 206.08, -96.98, -2.44,105,48, 1256, -45.00, 55.97
16441600.00, 38.691139, -9.294609, 301.10, 206.08, -95.01, -2.50,105,46, 1256, -45.00, 55.97
16441600.00, 38.691139, -9.294609, 299.38, 206.08, -93.29, -2.62,106,45, 1256, -45.00, 55.97
16441600.00, 38.691139, -9.294609, 297.69, 206.08, -91.61, -2.75,106,43, 1256, -45.00, 55.97
16441700.00, 38.691139, -9.294610, 296.38, 206.08, -90.29, -2.81,106,42, 1256, -45.00, 55.94
16441700.00, 38.691139, -9.294610, 294.82, 206.08, -88.74, -2.81,106,40, 1256, -45.00, 55.94
16441700.00, 38.691139, -9.294610, 292.72, 206.08, -86.64, -2.81,107,39, 1256, -45.00, 55.94
16441700.00, 38.691139, -9.294610, 290.82, 206.08, -84.73, -2.69,107,37, 1256, -45.00, 55.94
16441700.00, 38.691139, -9.294610, 289.36, 206.08, -83.27, -2.62,107,36, 1256, -45.00, 55.94
16441700.00, 38.691139, -9.294610, 287.89, 206.08, -81.80, -2.56,107,34, 1256, -45.00, 55.94
16441700.00, 38.691139, -9.294610, 286.17, 206.08, -80.08, -2.50,108,34, 1256, -45.00, 55.94
16441700.00, 38.691139, -9.294610, 284.93, 206.08, -78.84, -2.50,108,32, 1256, -45.00, 55.94
16441700.00, 38.691139, -9.294610, 283.52, 206.08, -77.44, -2.56,108,31, 1256, -45.00, 55.94
16441700.00, 38.691139, -9.294610, 281.77, 206.08, -75.68, -2.62,108,29, 1256, -45.00, 55.94
16441700.00, 38.691139, -9.294610, 280.52, 206.08, -74.44, -2.69,110,30, 1256, -45.00, 55.94
16441700.00, 38.691139, -9.294610, 278.78, 206.08, -72.70, -2.81,110,28, 1256, -45.00, 55.94
16441700.00, 38.691139, -9.294610, 276.86, 206.08, -70.78, -3.00,111,27, 1256, -45.00, 55.94
16441700.00, 38.691139, -9.294610, 275.44, 206.08, -69.35, -3.12,111,26, 1256, -45.00, 55.94
16441700.00, 38.691139, -9.294610, 273.70, 206.08, -67.61, -3.25,113,26, 1256, -45.00, 55.94
16441700.00, 38.691139, -9.294610, 272.17, 206.08, -66.09, -3.44,113,25, 1256, -45.00, 55.94
16441700.00, 38.691139, -9.294610, 270.74, 206.08, -64.66, -3.56,115,25, 1280, -44.25, 55.94
16441700.00, 38.691139, -9.294610, 269.40, 206.08, -63.32, -3.75,115,24, 1280, -41.57, 55.94
16441700.00, 38.691139, -9.294610, 268.11, 206.08, -62.03, -3.94,117,25, 1356, -39.36, 55.94
16441700.00, 38.691139, -9.294610, 266.94, 206.08, -60.85, -4.06,117,23, 1356, -37.59, 55.94
16441800.00, 38.691143, -9.294612, 265.87, 206.08, -59.79, -4.25,120,25, 1628, -36.16, 56.30
16441800.00, 38.691143, -9.294612, 264.66, 206.08, -58.58, -4.37,120,24, 1628, -34.69, 56.30
16441800.00, 38.691143, -9.294612, 262.98, 206.08, -56.89, -4.44,124,26, 1956, -32.89, 56.30
16441800.00, 38.691143, -9.294612, 261.55, 206.08, -55.46, -4.50,124,25, 1956, -31.56, 56.30
16441800.00, 38.691143, -9.294612, 259.27, 206.08, -53.19, -4.44,129,28, 2080, -29.71, 56.30
16441800.00, 38.691143, -9.294612, 257.47, 206.08, -51.38, -4.44,129,26, 2080, -28.45, 56.30
16441800.00, 38.691143, -9.294612, 255.66, 206.08, -49.57, -4.31,134,29, 2084, -27.33, 56.30
16441800.00, 38.691143, -9.294612, 253.95, 206.08, -47.87, -4.25,134,27, 2084, -26.38, 56.30
16441800.00, 38.691143, -9.294612, 252.47, 206.08, -46.38, -4.00,139,31, 2080, -25.64, 56.30
16441800.00, 38.691143, -9.294612, 251.24, 206.08, -45.15, -3.69,139,30, 2080, -25.07, 56.30
16441800.00, 38.691143, -9.294612, 250.07, 206.08, -43.98, -3.37,145,35, 2084, -25.00, 56.30
16441800.00, 38.691143, -9.294612, 248.49, 206.08, -42.40, -2.81,145,33, 2084, -25.00, 56.30
16441800.00, 38.691143, -9.294612, 247.38, 206.08, -41.29, -2.25,150,37, 2080, -25.00, 56.30
16441800.00, 38.691143, -9.294612, 246.15, 206.08, -40.06, -1.69,150,36, 2080, -25.00, 56.30
16441800.00, 38.691143, -9.294612, 244.82, 206.08, -38.74, -0.94,153,37, 2084, -25.00, 56.30
16441800.00, 38.691143, -9.294612, 243.67, 206.08, -37.59, -0.19,153,36, 2084, -25.00, 56.30
16441900.00, 38.691143, -9.294615, 243.35, 206.08, -37.27, 0.56,154,37, 2080, -25.00, 56.23
16441900.00, 38.691143, -9.294615, 243.21, 206.08, -37.13, 1.50,154,37, 2080, -25.00, 56.23
16441900.00, 38.691143, -9.294615, 243.67, 206.08, -37.58, 2.25,153,36, 2080, -25.00, 56.23
16441900.00, 38.691143, -9.294615, 244.19, 206.08, -38.11, 3.19,153,37, 2080, -25.00, 56.23
16441900.00, 38.691143, -9.294615, 245.17, 206.08, -39.09, 3.94,151,36, 2080, -25.00, 56.23
16441900.00, 38.691143, -9.294615, 246.07, 206.08, -39.99, 4.50,151,37, 2080, -25.00, 56.23
16441900.00, 38.691143, -9.294615, 247.05, 206.08, -40.97, 5.00,149,36, 2080, -25.00, 56.23
16441900.00, 38.691143, -9.294615, 248.63, 206.08, -42.55, 5.37,148,36, 2080, -25.00, 56.23
16441900.00, 38.691143, -9.294615, 250.97, 206.08, -44.89, 5.69,148,38, 2080, -25.00, 56.23
16441900.00, 38.691143, -9.294615, 252.94, 206.08, -46.86, 5.81,147,39, 2080, -25.87, 56.23
16441900.00, 38.691143, -9.294615, 255.38, 206.08, -49.29, 5.69,147,42, 2080, -27.17, 56.23
16441900.00, 38.691143, -9.294615, 257.60, 206.08, -51.52, 5.50,147,44, 2080, -28.54, 56.23
16441900.00, 38.691143, -9.294615, 260.07, 206.08, -53.98, 5.19,147,47, 2080, -30.32, 56.23
16441900.00, 38.691143, -9.294615, 262.07, 206.08, -55.98, 4.87,146,48, 2084, -32.03, 56.23
16441900.00, 38.691143, -9.294615, 264.30, 206.08, -58.21, 4.37,146,50, 2084, -34.28, 56.23
16441900.00, 38.691143, -9.294615, 266.39, 206.08, -60.31, 3.87,144,50, 2080, -36.83, 56.23
16441900.00, 38.691143, -9.294615, 268.89, 206.08, -62.81, 3.25,144,52, 2080, -40.67, 56.23
16441900.00, 38.691143, -9.294615, 271.09, 206.08, -65.00, 2.62,140,51, 2080, -45.00, 56.23
16442000.00, 38.691143, -9.294617, 274.04, 206.08, -67.96, 1.87,140,54, 2080, -45.00, 56.18
16442000.00, 38.691143, -9.294617, 276.91, 206.08, -70.82, 1.25,136,52, 2084, -45.00, 56.18
16442000.00, 38.691143, -9.294617, 279.70, 206.08, -73.62, 0.56,136,55, 2084, -45.00, 56.18
16442000.00, 38.691143, -9.294617, 282.77, 206.08, -76.68, -0.13,136,58, 2080, -45.00, 56.18
16442000.00, 38.691143, -9.294617, 285.00, 206.08, -78.91, -0.75,136,60, 2080, -45.00, 56.18
16442000.00, 38.691143, -9.294617, 287.27, 206.08, -81.19, -1.62,137,64, 2080, -45.00, 56.18
16442000.00, 38.691143, -9.294617, 290.33, 206.08, -84.25, -2.31,137,67, 2080, -45.00, 56.18
16442000.00, 38.691143, -9.294617, 292.75, 206.08, -86.67, -3.19,138,70, 2084, -45.00, 56.18
16442000.00, 38.691143, -9.294617, 295.74, 206.08, -89.65, -3.81,138,73, 2084, -45.00, 56.18
16442000.00, 38.691143, -9.294617, 298.26, 206.08, -92.17, -4.56,138,76, 2080, -45.00, 56.18
16442000.00, 38.691143, -9.294617, 301.63, 206.08, -95.55, -5.37,138,79, 2080, -45.00, 56.18
16442000.00, 38.691143, -9.294617, 304.54, 206.08, -98.46, -6.00,138,82, 2080, -45.00, 56.18
16442000.00, 38.691143, -9.294617, 307.38, 206.08, -101.30, -6.69,138,85, 2080, -45.00, 56.18
16442000.00, 38.691143, -9.294617, 310.39, 206.08, -104.31, -7.25,137,87, 2080, -45.00, 56.18
16442000.00, 38.691143, -9.294617, 313.39, 206.08, -107.30, -7.94,137,90, 2080, -45.00, 56.18
16442000.00, 38.691143, -9.294617, 316.17, 206.08, -110.09, -8.56,134,90, 2080, -45.00, 56.18
16442000.00, 38.691143, -9.294617, 319.02, 206.08, -112.93, -9.13,134,93, 2080, -45.00, 56.18
16442000.00, 38.691143, -9.294617, 321.89, 206.08, -115.80, -9.63,134,95, 2084, -45.00, 56.18
16442100.00, 38.691143, -9.294621, 325.06, 206.08, -118.97, -12.63,134,99, 2084, -45.00, 56.09
16442100.00, 38.691143, -9.294621, 327.96, 206.08, -121.87, -13.50,119,86, 2080, -45.00, 56.09
16442100.00, 38.691143, -9.294621, 332.15, 206.08, -126.07, -17.12,119,91, 2080, -45.00, 56.09
16442100.00, 38.691143, -9.294621, 335.76, 206.08, -129.68, -18.25,101,76, 2080, -45.00, 56.09
16442100.00, 38.691143, -9.294621, 338.98, 206.08, -132.90, -18.87,101,79, 2080, -45.00, 56.09
16442100.00, 38.691143, -9.294621, 341.71, 206.08, -135.63, -19.69,89,70, 2084, -45.00, 56.09
16442100.00, 38.691143, -9.294621, 343.99, 206.08, -137.91, -20.50,89,72, 2084, -45.00, 56.09
16442100.00, 38.691143, -9.294621, 346.29, 206.08, -140.21, -20.94,82,68, 2008, -45.00, 56.09
16442100.00, 38.691143, -9.294621, 348.50, 206.08, -142.42, -21.19,82,70, 2008, -45.00, 56.09
16442100.00, 38.691143, -9.294621, 350.07, 206.08, -143.99, -21.31,72,62, 1756, -45.00, 56.09
16442100.00, 38.691143, -9.294621, 352.10, 206.08, -146.02, -21.25,72,64, 1756, -45.00, 56.09
16442100.00, 38.691143, -9.294621, 354.09, 206.08, -148.00, -21.00,63,57, 1580, -45.00, 56.09
16442100.00, 38.691143, -9.294621, 355.12, 206.08, -149.03, -20.50,63,58, 1580, -45.00, 56.09
16442100.00, 38.691143, -9.294621, 356.72, 206.08, -150.64, -19.94,54,50, 1428, -45.00, 56.09
16442100.00, 38.691143, -9.294621, 358.08, 206.08, -151.99, -18.87,54,52, 1428, -45.00, 56.09
16442200.00, 38.691143, -9.294623, 359.05, 206.08, -152.97, -18.00,50,49, 1256, -45.00, 56.02
16442200.00, 38.691143, -9.294623, 0.93, 206.08, -154.85, -15.06,50,50, 1256, -45.00, 56.02
16442200.00, 38.691143, -9.294623, 2.05, 206.08, -155.97, -14.06,57,59, 1256, -45.00, 56.02
16442200.00, 38.691143, -9.294623, 3.38, 206.08, -157.30, -13.31,57,60, 1256, -45.00, 56.02
16442200.00, 38.691143, -9.294623, 4.15, 206.08, -158.07, -12.75,61,65, 1256, -45.00, 56.02
16442200.00, 38.691143, -9.294623, 5.80, 206.08, -159.72, -12.13,61,66, 1256, -45.00, 56.02
16442200.00, 38.691143, -9.294623, 6.73, 206.08, -160.65, -11.88,66,72, 1256, -45.00, 56.02
16442200.00, 38.691143, -9.294623, 7.26, 206.08, -161.17, -12.00,66,73, 1256, -45.00, 56.02
16442200.00, 38.691143, -9.294623, 7.65, 206.08, -161.57, -12.37,67,74, 1256, -45.00, 56.02
16442200.00, 38.691143, -9.294623, 8.10, 206.08, -162.01, -13.25,67,75, 1256, -45.00, 56.02
16442200.00, 38.691143, -9.294623, 8.62, 206.08, -162.54, -14.75,68,76, 1256, -45.00, 56.02
16442200.00, 38.691143, -9.294623, 9.00, 206.08, -162.91, -17.12,68,76, 1256, -45.00, 56.02
16442200.00, 38.691143, -9.294623, 9.32, 206.08, -163.24, -19.31,65,74, 1256, -45.00, 56.02
16442200.00, 38.691143, -9.294623, 9.90, 206.08, -163.81, -21.75,65,74, 1256, -45.00, 56.02
16442200.00, 38.691143, -9.294623, 10.24, 206.08, -164.16, -24.37,63,73, 1256, -45.00, 56.02
16442200.00, 38.691143, -9.294623, 11.48, 206.08, -165.39, -26.87,63,74, 1256, -45.00, 56.02
16442200.00, 38.691143, -9.294623, 12.35, 206.08, -166.26, -29.63,62,74, 1256, -45.00, 56.02
16442200.00, 38.691143, -9.294623, 13.08, 206.08, -166.99, -31.62,62,75, 1256, -45.00, 56.02
16442200.00, 38.691143, -9.294623, 13.98, 206.08, -167.89, -33.75,60,73, 1256, -45.00, 56.02
16442200.00, 38.691143, -9.294623, 15.26, 206.08, -169.18, -35.25,60,75, 1256, -45.00, 56.02
16442200.00, 38.691143, -9.294623, 17.00, 206.08, -170.92, -36.81,51,68, 1256, -45.00, 56.02
16442200.00, 38.691143, -9.294623, 19.07, 206.08, -172.99, -37.88,51,70, 1256, -45.00, 56.02
16442200.00, 38.691143, -9.294623, 20.69, 206.08, -174.61, -38.69,42,62, 1256, -45.00, 56.02
16442200.00, 38.691143, -9.294623, 22.25, 206.08, -176.17, -38.94,42,64, 1256, -45.00, 56.02
16442200.00, 38.691143, -9.294623, 23.82, 206.08, -177.74, -38.75,33,56, 1452, -45.00, 56.02
16442200.00, 38.691143, -9.294623, 25.59, 206.08, -179.51, -38.25,33,58, 1452, -45.00, 56.02
16442200.00, 38.691143, -9.294623, 27.63, 206.08, 178.45, -37.63,25,52, 1452, 45.00, 56.02
16442200.00, 38.691143, -9.294623, 28.72, 206.08, 177.37, -36.69,25,52, 1452, 45.00, 56.02
16442200.00, 38.691143, -9.294623, 30.08, 206.08, 176.00, -35.56,25,52, 1452, 45.00, 56.02
16442200.00, 38.691143, -9.294623, 31.61, 206.08, 174.47, -34.06,31,62, 1860, 45.00, 56.02
16442200.00, 38.691143, -9.294623, 33.60, 206.08, 172.49, -32.69,31,64, 1860, 45.00, 56.02
16442200.00, 38.691143, -9.294623, 34.80, 206.08, 171.28, -31.12,40,74, 1856, 45.00, 56.02
16442200.00, 38.691143, -9.294623, 35.23, 206.08, 170.85, -29.81,40,75, 1856, 45.00, 56.02
16442200.00, 38.691143, -9.294623, 36.04, 206.08, 170.05, -28.56,52,88, 1856, 45.00, 56.02
16442400.00, 38.691151, -9.294624, 37.17, 206.08, 168.92, -26.31,52,89, 1856, 45.00, 56.81
16442400.00, 38.691151, -9.294624, 38.29, 206.08, 167.80, -24.19,64,102, 1856, 45.00, 56.81
16442400.00, 38.691151, -9.294624, 39.47, 206.08, 166.61, -22.19,64,103, 1856, 45.00, 56.81
16442400.00, 38.691151, -9.294624, 40.33, 206.08, 165.76, -19.62,66,106, 1856, 45.00, 56.81
16442400.00, 38.691151, -9.294624, 41.20, 206.08, 164.88, -17.37,66,107, 1856, 45.00, 56.81
16442400.00, 38.691151, -9.294624, 41.84, 206.08, 164.24, -14.81,58,99, 1856, 45.00, 56.81
16442400.00, 38.691151, -9.294624, 42.39, 206.08, 163.69, -12.25,58,100, 1856, 45.00, 56.81
16442400.00, 38.691151, -9.294624, 42.38, 206.08, 163.71, -10.19,50,92, 1856, 45.00, 56.81
16442400.00, 38.691151, -9.294624, 42.57, 206.08, 163.51, -7.69,50,92, 1856, 45.00, 56.81
16442400.00, 38.691151, -9.294624, 42.10, 206.08, 163.98, -5.69,57,99, 1856, 45.00, 56.81
16442400.00, 38.691151, -9.294624, 41.62, 206.08, 164.47, -3.81,57,98, 1856, 45.00, 56.81
16442400.00, 38.691151, -9.294624, 41.55, 206.08, 164.53, -1.69,72,113, 1856, 45.00, 56.81
16442400.00, 38.691151, -9.294624, 41.03, 206.08, 165.06, 0.00,72,113, 1856, 45.00, 56.81
